Customers,Invoice Date,Invoice #,Invoice Amount,Subscription,Account Code ,Dates of service 
Louisiana Board of Regents,3/20/2015,ATLAS 315,"$72,000.00",1 Year,4700-0-00-00000-18-0000,1 Year Subscription 3/18/15 to 6/30/16
Emporia State University,5/28/2015,AJ501,"$3,500.00",1 Year,4700-0-00-00000-16-0000,1 Year Subscription 6/1/15 to 6/30/16
Morehouse State University,6/23/2015,AJ502,"$3,500.00",1 Year,4700-0-00-00000-17-0000,1 Year Subscription 6/10/15 to 6/30/16
State University of NY Postdam,6/26/2015,AJ503,"$6,500.00",1 Year,4700-0-00-00000-32-0000,1 Year Subscription 6/1/15 to 6/30/16
ST. Mary's College of Maryland,10/7/2015,AJ504,$750.00,1 Year,4700-0-00-00000-20-0000,1 Year Subscription 10/05/15 to 9/30/16
Clark County Education Assoc.,10/19/2015,AJ505,"$3,400.00",18 mo,4700-0-00-00000-28-0000,18 mo. Subscription 10/01/15 to 6/30/17
BIA Central 00016,10/27/2015,AJ506,"$28,000.00",1 Year,4700-4-11-00100-00-1502,1 Year. And 3 Monthss.Subscription 09/18/15-12/31/16
BIA Central 00016,12/10/2015,AJ507,"$16,200.00",1 Year,4700-4-11-00100-00-1502,1 Year. And 3 Monthss.Subscription 09/18/15-12/31/16
Louisiana Board of Regents,12/11/2015,AJ5081,"$67,000.00",1 Year,4700-0-00-00000-00-0000,1 Year Subscription 7/1/16 to 12/31/17
College of William and Mary,12/17/2015,AJ508,"$3,500.00",1 Year,4700-0-00-00000-00-0000,1 Year Subscription 10/22/15 to 10/31/16
Georgia College and State University,1/6/2016,AJ509,$750.00,1 Year,4700-0-00-00000-00-0000,1 Year Subscription 01/01/16 to 01/31/17
Georgia College and State University,1/6/2016,AJ509,$750.00,1 Year,4700-0-00-00000-00-0000,1 Year Subscription 01/01/16 to 01/31/17
Illinois College,1/11/2016,AJ510,"$2,166.67",1 Year,4700-0-00-00000-00-0000,1 Year Subscription 01/07/16 to 01/31/17
Illinois College pymt 2018,1/11/2016,AJ510 (3),"$2,166.67",1 Year,4700-0-00-00000-00-0000,1 Year Subscription 1/7/18 to 1/31/19
Illinois College pymt 2 2017,1/11/2016,000006,"$2,166.67",1 Year,4700-0-00-00000-00-0000,1 Year Subscription 1/7/17 to 1/31/18
University of Kentucky,1/12/2016,AJ511,"$3,500.00",1 Year,4700-0-00-00000-00-0000,1 Year and 6 Months Subscription01/06/16 to 06/30/17
Shorter University,2/1/2016,AJ512,$750.00,1 Year,4700-0-00-00000-00-0000,"1 Year Subscription 01/19/16 to January 31,2017"
Shorter University,2/1/2016,AJ512,$750.00,1 Year,4700-0-00-00000-00-0000,"1 Year Subscription 01/19/16 to January 31,2017"
Winthrop University,2/23/2016,AJ513,$750.00,1 Year,4700-0-00-00000-00-0000,1 Year 4 month Subscription 02/15/16-06/30/2017
Emporia State University,3/15/2016,AJ514,"$3,500.00",1 Year,4700-0-00-00000-00-0000,1 Year Subscription 06/30/16 to 06/30/17
ST Bonaventure,5/10/2016,AJ516,"$1,000.00",1 Year,4700-0-00-00000-00-0000,1 Year Subscription 5/6/16 to 4/30/17
North Hampton CPS,5/11/2016,AJ521,$750.00,1 Year,4700-0-00-00000-00-0000,1 Year Subscription 5/11/16 to 6/30/2017
Augusta University,5/11/2016,AJ517,$750.00,1 Year,4700-0-00-00000-00-0000,1 Year Subscription 5/03/16 to 5/2/17
California University of PA,5/11/2016,AJ518,"$6,600.00",3 Years,4700-0-00-00000-00-0000,3 Years Subscription 8/1/16 to 7/31/2019
Murrieta Valley Unified School,5/11/2016,AJ520,"$3,500.00",1 Year,4700-0-00-00000-00-0000,1 Year Subscription 4/25/16 to 10/31/17
California University of PA,5/11/2016,AJ518(2),"$2,850.00",3 Years,4700-0-00-00000-00-0000,3 Years Subscription 8/1/16 to 7/31/2019
University of Kentucky,5/11/2016,AJ522,"$3,500.00",1 Year,4700-0-00-00000-00-0000,1 Year Subscription 5/10/16 to 6/30/2017
Pierce College,5/11/2016,AJ519,$750.00,1 Year,4700-0-00-00000-00-0000,1 Year Subscription 9/01/16 to 9/30/2017
Southern Connecticut State Univ,5/19/2016,AJ523,"$9,450.00",3 Years,4700-0-00-00000-00-0000,3 Year Subscription 5/13/16 to 5/31/19
Rowan University,5/24/2016,AJ524,$750.00,1 Year,4700-0-00-00000-00-0000,1 Year Subscription 5/23/16 to 5/31/17
The Brd.of Trust Il State Univ,5/26/2016,AJ526,"$3,500.00",1 Year,4700-0-00-00000-00-0000,1 Year Subscription 7/1/16 to 7/30/17
Teach for American-Kansas City,6/1/2016,AJ527,$750.00,1 Year,4700-0-00-00000-00-0000,1 Year Subscription 6/1/16 to 5/31/17
St. Mary's College of Maryland,6/8/2016,AJ529,$750.00,1 Year,4700-0-00-00000-00-0000,1 Year Subscription 12/31/2016 to 12/31/2017
Armstrong State University,6/10/2016,AJ530,"$2,450.00",3 Years,4700-0-00-00000-00-0000,3 Years Subscription 6/6/16 to 5/31/17
University of Detroit Mercy Libraries,6/10/2016,AJ531,$750.00,1 Year,4700-0-00-00000-00-0000,1 Year Subscription 6/1/16 to 5/31/17
Armstrong State University pymt due 2017,6/10/2016,AJ530 (2),"$2,450.00",3 Years,4700-0-00-00000-00-0000,3 Years Subscription 6/6/17 to 5/31/18
Armstrong State University pymt due 2018,6/10/2016,AJ530 (3),"$2,450.00",3 Years,4700-0-00-00000-00-0000,3 Years Subscription 6/6/18 to 5/31/19
Univ of Alabama Birmingham In-Service  Ctr,6/13/2016,AJ532,"$50,000.00",1 Year,4700-0-00-00000-00-0000,1 Year 6 Months Subscr 05/01/2016 to 12/17/17
Tuscaloosa City Schools,6/15/2016,AJ533,"$13,650.00",3 Years,4700-0-00-00000-00-0000,3 Years Subscription 6/3/16 to 5/31/19
University of the Cumberland,6/20/2016,AJ534,"$3,500.00",1 Year,4700-0-00-00000-00-0000,1 Year Subscription 6/14/16 to 5/31/17
Greenville College,6/20/2016,AJ535,$750.00,1 Year,4700-0-00-00000-00-0000,1 Year Subscription 6/20/16 to 6/30/17
New York University,6/30/2016,AJ536,$750.00,1 Year,4700-0-00-00000-00-0000,1 Year Subscription 6/22/16 to 6/30/17
Farleigh Dickinson University,7/25/2016,AJ537,"$1,000.00",1 Year,4700-0-00-00000-00-0000,1 Year Subscription 8/31/16 to 7/31/16
University of NC at Greensboro,7/25/2016,AJ538,"$3,500.00",1 Year,4700-0-00-00000-00-0000,1 Year Subscription 7/25/16 to 7/31/17
Miami University-Oxford,8/23/2016,AJ543,$750.00,1 Year,4700-0-00-00000-00-0000,1 Year Subscription 8/22/16 to 8/31/17
Orange County Department of Education,8/23/2016,AJ539,"$3,500.00",1 Year,4700-0-00-00000-00-0000,1 Year Subscription 8/10/16 to 8/31/17
Piedmont College,8/23/2016,AJ540,"$3,500.00",1 Year,4700-0-00-00000-00-0000,1 Year Subscription 8/16/16 to 8/31/17
Morehead State University,8/23/2016,AJ541,$750.00,1 Year,4700-0-00-00000-00-0000,1 Year Subscription 8/18/16 to 8/31/17
Christina School District,8/23/2016,AJ542,"$3,500.00",1 Year,4700-0-00-00000-00-0000,1 Year Subscription 11/1/16 to 10/31/17
Fayetteville State University,8/25/2016,AJ544,$750.00,1 Year,4700-0-00-00000-00-0000,1 Year Subscription 8/23/16 to 8/31/17
Kennesaw State University,8/29/2016,AJ545,$750.00,1 Year,4700-0-00-00000-00-0000,1 Year Subscription 8/16/16 to 8/31/17
Fort Mill School District,9/9/2016,AJ546,$750.00,1 Year,4700-0-00-00000-00-0000,1 Year Subscription 8/16/16 to 8/31/17
Saint Andrew's School,9/9/2016,AJ547,$750.00,1 Year,4700-0-00-00000-00-0000,1 Year Subscription 9/7/16 to 9/30/17
Western Goveners University,9/15/2016,AJ548,"$50,000.00",3 Years,4700-0-00-00000-00-0000,3 Years Subscription 6/13/16 to 6/12/2019
California State University,9/29/2016,AJ549,"$8,000.00",1 Year,4700-0-00-00000-00-0000,1 Year Subscription 11/29/16 to 11/30/17
Hawaii State Teachers Association,10/6/2016,AJ550,$750.00,1 Year,4700-0-00-00000-00-0000,1 Year Subscription 10/1/16 to 9/30/17
Billings Senior High School,10/11/2016,AJ552,$750.00,1 Year,4700-0-00-00000-00-0000,1 Year Subscription 10/11/16 to 10/31/17
Portland State University,10/11/2016,AJ551,"$5,500.00",1 Year,4700-0-00-00000-00-0000,1 Year Subscription 9/30/16 to 9/30/17
The College of William and Mary,10/17/2016,AJ553,"$3,500.00",1 Year,4700-0-00-00000-00-0000,1 Year Subscription 10/31/16 to 10/31/17
University of MS,10/31/2016,AJ554,"$7,350.00",3 Years,4700-0-00-00000-00-0000,3 Years Subscription 9/1/17 to 8/31/20
Mississippi State University,11/18/2016,AJ555,"$4,750.00",3 Years,4700-0-00-00000-00-0000,3 Years Subscription 9/1/17 to 8/31/20
East Stroudsburg University &Colonial IU 20,11/30/2016,000001,"$1,500.00",1 Year,4700-0-00-00000-00-0000,1 Year Subscription 9/27/16 to 9/30/17
University of Missouri-Kansas City,11/30/2016,000002,"$7,500.00",3 Years,4700-0-00-00000-00-0000,3 Years Subscription 11/29/16 to 11/30/17
St Thomas Aquinas College,1/6/2017,STAC01,$750.00,1 Year,4700-0-00-00000-00-0000,1 Year Subscription 01/04/17 to 01/04/18
Mississippi Dept of Education,2/9/2017,000005,"$4,999.00",3 Years,4700-0-00-00000-00-0000,3 Years Subscription 02/03/17 to 02/03/20
Lamar CISD,2/16/2017,000007,"$4,500.00",1 Year,4700-0-00-00000-00-0000,1 Year Subscription 2/16/17 to 2/28/18
University of Virginia,2/21/2017,000008,"$1,500.00",1 Year,4700-0-00-00000-00-0000,1 Year Subscription 2/16/17 to 2/28/18
University of Pacific,3/20/2017,000011,$750.00,1 Year,4700-0-00-00000-00-0000,1 Year Subscription 3/17/17 to 3/31/18
South Australia DOE,4/5/2017,000014,"$1,500.00",1 Year,4700-0-00-00000-00-0000,1 Year Subscription 3/24/17 to 3/31/18
Delta State University,4/10/2017,000015,"$6,300.00",3 Years,4700-0-00-00000-00-0000,3 Years Subscription 09/01/17 to 08/31/20
Emporia University,4/13/2017,000020,"$3,500.00",1 Year,4700-0-00-00000-00-0000,1 Year Subscription 6/30/17 to 6/30/18
Walla Walla PS,4/13/2017,000021,"$3,000.00",1 Year,4700-0-00-00000-00-0000,1 Year Subscription 7/30/17 to 7/30/18
Augusta University,4/18/2017,000022,$750.00,1 Year,4700-0-00-00000-00-0000,1 Year Subscription 5/2/17 to 5/2/18
Durham Public Schools,4/27/2017,00002,"$2,630.00",1 Year,4700-0-00-00000-00-0000,1 Year Subscription 4/7/17 to 3/31/18
University of Detroit Mercy Lib,5/8/2017,000024,$750.00,1 Year,4700-0-00-00000-00-0000,1 Year Subscription 6/1/17 to 5/31/17
University of NC Charlotte,5/9/2017,000025,"$15,750.00",3 Years,4700-0-00-00000-00-0000,3 Years Subscription 5/8/17 to 4/30/17
Northhampton City Public Schools,5/12/2017,000028,$750.00,1 Year,4700-0-00-00000-00-0000,1 Year Subscription 6/30/17 to 6/30/18
Illinois National Bd Resource Ctr,5/12/2017,000027,"$10,500.00",3 Years,4700-0-00-00000-00-0000,3 Years Subscription 5/1/17 to 5/1/20
Dickinson State Univ,5/12/2017,000026,"$2,550.00",3 Years,4700-0-00-00000-00-0000,3 Years Subscription 5/11/17 to 4/30/20
University of Kentucky,5/17/2017,000030,"$3,500.00",1 Year,4700-0-00-00000-00-0000,1 Year Subscription 6/30/17 to 6/30/18
Winthrop University,5/22/2017,000032,$750.00,1 Year,4700-0-00-00000-00-0000,1 Year renewal
Teach for America Kansas City,5/22/2017,000031,$750.00,1 Year,4700-0-00-00000-00-0000,1 Year renewal
Central Connecticut University,5/23/2017,000033,"$10,500.00",3 Years,4700-0-00-00000-00-0000,3 Years Subscription
University of Holy Cross (LA),6/7/2017,000035,"$4,500.00",2 Years,4700-0-00-00000-00-0000,2 Years Subscription 6/30/17 to 6/30/19
Northwestern State University,6/8/2017,000034,"$9,000.00",2 Years,4700-0-00-00000-00-0000,2 Years Subscription 6/30/17 to 6/30/19
Region 4 Education Service Ctr,6/14/2017,000037,"$3,000.00",1 Year,4700-0-00-00000-00-0000,1 Year Subscription 6/14/17 to 6/30/18
East Tennessee State University,6/14/2017,000038,"$11,500.00",3 Years,4700-0-00-00000-00-0000,3 Years Subscription 6/14/17 to 6/30/20
UAB Regional In Service Center,6/15/2017,000041,"$50,000.00",1 Year,4700-0-00-00000-00-0000,1 Year Subscription 6/14/17 to 6/30/18
Morehead State University,6/15/2017,000040,$750.00,1 Year,4700-0-00-00000-00-0000,1 Year Subscription 8/31/17 to 8/21/18
Georgia Gwinnett College,6/19/2017,000042,"$4,500.00",1 Year,4700-0-00-00000-00-0000,1 Year Subscription 11/30/17 to 11/30/18
Greenville College,7/10/2017,000045,$750.00,1 Year,4700-0-00-00000-00-0000,1 Year Subscription 6/30/17 to 6/30/18
Louisiana State University Shreveport,7/14/2017,000047,"$1,750.00",1 Year,4700-0-00-00000-00-0000,1 Year Subscription 6/30/17 to 6/30/18
El Rancho Unified School District,7/14/2017,000046,"$5,880.00",3 Years,4700-0-00-00000-00-0000,3 Years Subscription 7/1/17 to 7/31/20
Kansas State University,7/25/2017,000051,"$7,500.00",1 Year,4700-0-00-00000-00-0000,1 Year Subscription 7/25/17 to 7/31/18
Lake Havasu USD,8/7/2017,000053,"$6,300.00",3 Years,4700-0-00-00000-00-0000,3 Years Subscription 8/4/17 to 7/31/20
Middle Tennessee State University,8/10/2017,000054,"$12,600.00",3 Years,4700-0-00-00000-00-0000,3 Years Subscription 8/15/17 to 8/15/20
John P. Ellbogen Foundation,8/21/2017,000056,"$6,300.00",3 Years,4700-0-00-00000-00-0000,3 Years Subscription 8/21/17 to 8/31/20
Pinecrest Academy of Nevada,8/22/2017,000059,"$2,560.00",1 Year,4700-0-00-00000-00-0000,1 Year Subscription 8/21/17 to 8/31/18
Campbell University,8/23/2017,000058,"$2,700.00",1 Year,4700-0-00-00000-00-0000,1 Year Subscription 8/23/17 to 8/31/18
Fayetteville State University,8/25/2017,000061,$750.00,1 Year,4700-0-00-00000-00-0000,1 Year Subscription 8/31/17 to 8/31/18
Billings Senior High School,8/28/2017,000060,$750.00,1 Year,4700-0-00-00000-00-0000,1 Year Subscription 10/31/17 to 10/31/18
University of NC Wilmington,9/1/2017,000061,"$3,760.00",1 Year,4700-0-00-00000-00-0000,1 Year Subscription 8/31/17 to 8/31/18
Pierce College,9/6/2017,000062,$750.00,1 Year,4700-0-00-00000-00-0000,1 Year Subscription 9/30/2017 to 9/30/18
Portland State University,9/6/2017,000065,"$3,500.00",1 Year,4700-0-00-00000-00-0000,1 Year Subscription 9/30/2017 to 9/30/18
University of Southern Mississippi ,9/7/2017,000064,"$1,700.00",1 Year,4700-0-00-00000-00-0000,1 Year Subscription 9/30/2017 to 9/30/18
Kentucky EPSB,9/12/2017,000067,"$7,560.00",3 Years,4700-0-00-00000-00-0000,3 Years Subscription 6/30/17 to 6/30/20
Murrieta Valley USD ,9/27/2017,000069,"$2,500.00",1 Year,4700-0-00-00000-00-0000,1 Year Subscription 10/31/17 to 10/31/18
University of Louisiana at Monroe,9/27/2017,000068,"$1,750.00",1 Year,4700-0-00-00000-00-0000,1 Year Subscription 9/30/17 to 9/30/18
College of William and Mary,9/29/2017,000071,"$1,700.00",1 Year,4700-0-00-00000-00-0000,1 Year Subscription 10/31/17 to 10/31/18
University of Phoenix Inc.,10/11/2017,000073,"$12,500.00",1 Year,4700-0-00-00000-00-0000,1 Year Subscription 9/1/2017 to 8/31/18
University of North Carolina Gen Admin,10/11/2017,000074,"$1,500.00",1 Year,4700-0-00-00000-00-0000,1 Year Subscription 9/1/2017 to 8/31/18
Southern University at New Orleans,10/17/2017,000078,"$2,000.00",1 Year,4700-0-00-00000-00-0000,1 Year Subscription 10/13/2017 to 9/30/18
Maricopa CC District Rio Salado College,10/23/2017,000080,"$26,250.00",3 Years,4700-0-00-00000-00-0000,3 Years Subscription 10/20/17 to 10/31/20
Arlington Public Schools,10/24/2017,000082,$750.00,1 Year,4700-0-00-00000-00-0000,1 Year Subscription 8/31/17 to 8/31/18
Alcorn State University ,10/31/2017,,"$1,700.00",1 Year,4700-0-00-00000-00-0000,1 Year Subscription 8/31/17 to 8/31/18
Louisiana Tech University ,11/7/2017,000084,"$2,700.00",1 Year,4700-0-00-00000-00-0000,1 Year Subscription 7/1/2017 to 6/30/18
Austin Peay State University,11/17/2017,000087,"$6,500.00",1 Year,4700-0-00-00000-00-0000,1 Year Subscription 12/31/17 to 12/31/18
Orange County Superintendent of Schools,11/20/2017,000089,"$3,500.00",1 Year,4700-0-00-00000-00-0000,1 Year Subscription 11/15/17 to 11/30/18
East Stroudsburg Univ & Colonial IU 20 renewal,11/28/2017,000090,"$1,500.00",1 Year,4700-0-00-00000-00-0000,1 Year Subscription 11/30/17 to 11/30/18
New York University,12/4/2017,000091,"$4,500.00",1 Year,4700-0-00-00000-00-0000,1 Year Subscription 8/1/17 to 7/31/17
Milligan College,1/8/2018,000167,"$1,500.00",1 Year,4700-0-00-00000-00-0000,1 Year Subscription 1/31/19 to 1/31/20
Mulligan College,1/9/2018,000093,"$1,500.00",1 Year,4700-0-00-00000-00-0000,1 Year Subscription 1/9/18 to 1/13/19
Dr.Suzanne Jacquez Gorman,1/17/2018,000095,$250.00,1 Year,4700-0-00-00000-00-0000,1 Year Subscription 1/9/18 to 1/13/19
University of Portland,1/17/2018,000096,"$2,750.00",1 Year,4700-0-00-00000-00-0000,1 Year Subscription 1/17/18 to 1/31/19
Piedmont College,1/25/2018,000097,"$3,500.00",1 Year,4700-0-00-00000-00-0000,1 Year Subscription 1/31/18 to 1/31/19
East Carolina University,3/1/2018,000098,"$2,650.00",1 Year,4700-0-00-00000-00-0000,1 Year Subscription 3/1/1/ to 2/28/19
Utah Valley University,3/14/2018,000101,"$7,500.00",1 Year,4700-0-00-00000-00-0000,1 Year Subscription 3/1/18 to 2/28/19
Board of Trustees Univ of Alabama,3/19/2018,000102,"$50,000.00",1 Year,4700-0-00-00000-00-0000,1 Year Subscription 10/1/17 to 9/30/18
Augusta University,3/19/2018,000103,$750.00,1 Year,4700-0-00-00000-00-0000,1 Year Subscription 5/2/18 to 4/30/19
Alabama A&M University-College of Education,3/23/2018,000105,"$5,460.00",3 Years,4700-0-00-00000-00-0000,3 Years Subscription 3/21/18 to 3/31/21
St. Thomas Aquinas,3/23/2018,000104,$750.00,1 Year,4700-0-00-00000-00-0000,1 Year Subscription 1/4/18 to 1/31/19
University of Virginia,3/30/2018,000108,"$1,500.00",1 Year,4700-0-00-00000-00-0000,1 Year Subscription 3/14/18 to 2/28/19
North Carolina State University,4/6/2018,000111,"$5,500.00",1 Year,4700-0-00-00000-00-0000,1 Year Subscription 4/5/18 to 3/31/19
Northhampton County Public Schools,4/10/2018,000113,$750.00,1 Year,4700-0-00-00000-00-0000,1 Year Subscription 6/30/18 to 6/30/19
Winthrop University,4/10/2018,000112,$750.00,1 Year,4700-0-00-00000-00-0000,1 Year Subscription 6/30/18 to 6/30/19
Washington County Schools,4/11/2018,000114,"$5,775.00",3 Years,4700-0-00-00000-00-0000,3 Years Subscription 7/18/18 to 6/21/19
Emporia University,4/12/2018,000115,"$1,900.00",1 Year,4700-0-00-00000-00-0000,1 Year Subscription 6/30/18 to 6/30/19
Four Corners Coalition ,4/20/2018,000116,$500.00,1 Year,4700-0-00-00000-00-0000,1 Year Subscription 4/18/18 to 3/31/19
Greenville College,4/25/2018,000118,$750.00,1 Year,4700-0-00-00000-00-0000,1 Year Subscription 6/30/18 to 6/30/19
Columbus State University,4/25/2018,000119,"$15,750.00",3 Years,4700-0-00-00000-00-0000,3 Years Subscription 8/1/18 to 7/31/21
NM NBCT Network,4/25/2018,000120,"$1,700.00",1 Year,4700-0-00-00000-00-0000,1 Year Subscription 4/23/18 to 3/31/18
Floyd County Schools,4/25/2018,000121,"$6,825.00",3 Years,4700-0-00-00000-00-0000,3 yr. Subscription 7/1/18 to 6/30/21
Union University,5/1/2018,000122,"$3,100.00",1 Year,4700-0-00-00000-00-0000,1 Year Subscription 4/20/18 to 4/30/19
NM NT3 Santa Fe,5/1/2018,000123,$500.00,1 Year,4700-0-00-00000-00-0000,1 Year Subscription 9/1/18 to 8/31/19
San Jose State University,5/2/2018,000124,"$3,000.00",1 Year,4700-0-00-00000-00-0000,1 Year Subscription 05/15/18 to 05/15/19
NM Northern Coalition,5/7/2018,000125,$300.00,1 Year,4700-0-00-00000-00-0000,1 Year Subscription 9/1/18 to 8/31/19
Albertus Magnus College,5/16/2018,000127,"$5,670.00",3 Years,4700-0-00-00000-00-0000,3 Years Subscription 9/1/18 to 8/31/21
University of West Alabama,5/16/2018,000128,"$6,300.00",3 Years,4700-0-00-00000-00-0000,3 Years Subscription 5/15/18 to 5/31/21
Birmingham Southern College,5/29/2018,000130,"$1,500.00",1 Year,4700-0-00-00000-00-0000,1 Year Subscription 06/1/18 to 06/30/19
New York University,5/29/2018,000129,"$4,500.00",1 Year,4700-0-00-00000-00-0000,1 Year Subscription 07/31/18 to 07/31/19
University of Missouri Kansas City,6/1/2018,000134,"$5,000.00",3 Years,4700-0-00-00000-00-0000,3 Years Subscription 11/30/19 to 11/30/22
Kenessaw State University,6/1/2018,000131,"$2,850.00",1 Year,4700-0-00-00000-00-0000,1 Year Subscription 8/1/18 to 9/30/18
University of Kentucky - TRREE Project,6/8/2018,000137,"$3,500.00",1 Year,4700-0-00-00000-00-0000,1 Year Subscription 6-30-18 to 6/30/19
University of North Carolina Wilmington,6/19/2018,000135,"$2,760.00",1 Year,4700-0-00-00000-00-0000,1 Year Subscription 8-31-18 to 8-31-19
Homewood City Schools,7/2/2018,000136,"$6,300.00",3 Years,4700-0-00-00000-00-0000,3 Years Subscription 8/1/18 to 7/31/21
Pitt County School/DEEL,7/10/2018,000138,"$1,500.00",1 Year,4700-0-00-00000-00-0000,1 Year Subscription 8/1/18 to 7/31/19
SDCOE,7/23/2018,000139,"$3,600.00",1 Year,4700-0-00-00000-00-0000,1 Year Subscription 8/1/18 to 7/31/19
Clark County Education Association,7/26/2018,000140,"$7,350.00",3 Years,4700-0-00-00000-00-0000,3 Years Subscription 7/26/18 to 7/31/21
Department of Defense Education Activity,8/10/2018,000141,"$1,500.00",1 Year,4700-0-00-00000-00-0000,1 Year Subscription 8/8/18 to 7/31/19
Taos Municipal School District,8/21/2018,000143,$510.00,1 Year,4700-0-00-00000-00-0000,1 Year Subscription 9/1/18 to 8/31/19
Pierce College,8/21/2018,000144,$750.00,1 Year,4700-0-00-00000-00-0000,1 Year Subscription 9/30/18 to 9/30/19
Fayetteville State University,8/21/2018,000142,$750.00,1 Year,4700-0-00-00000-00-0000,1 Year Subscription 8/31/18 to 8/31/19
University of North Carolina at Greensboro,8/23/2018,000145,"$3,500.00",1 Year,4700-0-00-00000-00-0000,1 Year Subscription 7/31/18 to 7/31/19
Campbell University,8/23/2018,000146,"$1,700.00",1 Year,4700-0-00-00000-00-0000,1 Year Subscription 8/31/18 to 8/31/19
American University,8/27/2018,000147,"$3,000.00",1 Year,4700-0-00-00000-00-0000,1 Year Subscription 8/24/18 to 8/31/18
Indiana Universities Libraries,8/29/2018,000148,"$7,500.00",1 Year,4700-0-00-00000-00-0000,1 Year Subscription 8/28/18 to 8/31/19
College of William and Mary,9/11/2018,000149,"$1,700.00",1 Year,4700-0-00-00000-00-0000,1 Year Subscription 10/31/18 to 10/31/19
University of Southern Mississippi,9/17/2018,000150,"$1,700.00",1 Year,4700-0-00-00000-00-0000,1 Year Subscription 9/30/18 to 9/30/19
Virginia Commonwealth University,9/20/2018,000151,"$2,700.00",1 Year,4700-0-00-00000-00-0000,1 Year Subscription 9/19/18 to 9/30/19
George Gwinnett College,9/24/2018,000152,"$4,500.00",1 Year,4700-0-00-00000-00-0000,1 Year Subscription 11/30/18 to 11/30/19
University of the Pacific,9/28/2018,000153,"$2,000.00",1 Year,4700-0-00-00000-00-0000,1 Year Subscription 9/28/18 to 9/30/19
Portland State University,9/28/2018,000154,"$5,250.00",3 Years,4700-0-00-00000-00-0000,3 Years Subscription 9/30/18 to 9/30/21
CERRA,10/16/2018,000156,"$1,500.00",1 Year,4700-0-00-00000-00-0000,1 Year Subscription 10/16/18 to 10/31/19
CERRA SCNBN,10/16/2018,000157,"$3,500.00",3 Years,4700-0-00-00000-00-0000,3 Years Subscription 10/16/18 to 10/31/21
East Stroundsburg University & Colonial IU 20,10/16/2018,000155,"$1,500.00",1 Year,4700-0-00-00000-00-0000,1 Year Subscription 11/30/18 to 11/30/19
Orange County Department of Education,11/5/2018,000158,"$1,550.00",1 Year,4700-0-00-00000-00-0000,1 Year Subscription 11/30/18 to 11/30/19
"University of California, Riverside",11/16/2018,000159,"$1,750.00",1 Year,4700-0-00-00000-00-0000,1 Year Subscription 11/15/18 to 11/30/19
Georgia College & State University,11/19/2018,000160,"$2,800.00",1 Year,4700-0-00-00000-00-0000,1 Year Subscription 11/16/18 to 11/31/19
Albuquerque Public Schools,11/20/2018,000161,"$2,270.00",1 Year,4700-0-00-00000-00-0000,1 Year Subscription 11/19/18 to 11/30/19
North Carolina State University,11/26/2018,NB181127,"$4,500.00",1 Year,4700-0-00-00000-00-0000,1 Year Subscription 8/1/19 to 7/31/19
Young Harris College/Miller Library,11/28/2018,000162,"$2,100.00",1 Year,4700-0-00-00000-00-0000,1 Year Subscription 11/27/18 to 11/30/19
SCALE/Graduate School of Education edTPA,11/29/2018,000163,"$1,500.00",1 Year,4700-0-00-00000-00-0000,1 Year Subscription 11/27/18 to 11/30/19
Kansas State University,12/4/2018,000164,"$7,500.00",1 Year,4700-0-00-00000-00-0000,1 Year Subscription 8/1/18 to 7/31/19
NC New Teacher Support Program-East Carolina Univ,12/7/2018,000165,"$1,500.00",1 Year,4700-0-00-00000-00-0000,1 Year Subscription 8/31/18 to 8/31/19
St Thomas Aquinas College,1/4/2019,000166,$750.00,1 Year,4700-0-00-00000-00-0000,1 Year Subscription 1/4/19 to 1/4/20
Illinois College,1/9/2019,000168,"$4,200.00",3 Years,4700-0-00-00000-00-0000,3 Years Subscription 1/31/19 to 1/31/22
Austin Peay State University,1/23/2019,000169,"$3,500.00",1 Year,4700-0-00-00000-00-0000,1 Year Subscription 12/31/18 to 12/31/19
Georgia College & State University,1/28/2019,000170,"$1,000.00",1 Year,4700-0-00-00000-00-0000,1 Year Subscription 11/15/18 to 11/30/19
East Carolina University,1/29/2019,000171,"$1,750.00",1 Year,4700-0-00-00000-00-0000,1 Year Subscription 2/28/19 to 2/29/20
American College of Education,1/30/2019,000172,"$6,850.00",3 Years,4700-0-00-00000-00-0000,3 Years Subscription 1/31/19 to 1/31/22
SCALE/Graduate School of Education edTPA,2/6/2019,000174,"$1,250.00",1 Year,4700-0-00-00000-00-0000,1 Year Subscription 1/31/19 to 1/31/20
Piedmont College,2/6/2019,000173,"$3,500.00",1 Year,4700-0-00-00000-00-0000,1 Year Subscription 1/31/19 to 1/31/20
Cleveland County Schools,2/27/2019,000177,"$1,000.00",1 Year,4700-0-00-00000-00-0000,1 Year Subscription 2/27/19 to 2/29/20
UAB Regional In Service Centers,3/1/2019,000178,"$50,000.00",1 Year,4700-0-00-00000-00-0000,1 Year Subscription 10/1/18 to 09/30/19
Charleston Southern University ,3/15/2019,000179,"$1,250.00",6 Months,4700-0-00-00000-00-0000,6 Months Subscription 7/1/19 to 12/31/19
Augusta University,4/4/2019,N/A,$750.00,1 Year,4700-0-00-00000-00-0000,1 Year Subscription 4/30/19 to 4/30/20
Southern New Hampshire University,4/5/2019,000180,"$1,000.00",1 Year,4700-0-00-00000-00-0000,1 Year Subscription 4/5/19 to 3/31/20
Governors State University,4/9/2019,000181,"$4,000.00",1 Year,4700-0-00-00000-00-0000,1 Year Subscription 4/9/19 to 3/31/20
Georgia Southwestern State University,4/10/2019,000182,"$7,350.00",3 Years,4700-0-00-00000-00-0000,3 Years Subscription 4/10/19 to 3/31/22
Union University,4/15/2019,000183,"$2,100.00",1 Year,4700-0-00-00000-00-0000,1 Year Subscription 4/30/19 to 4/30/20
Emporia State University,5/3/2019,000184,"$1,000.00",1 Year,4700-0-00-00000-00-0000,1 Year Subscription 6/30/19 to 6/30/20
Georgia Southern University,5/15/2019,000188,"$5,250.00",3 Years,4700-0-00-00000-00-0000,3 Years Subscription 5/31/19 to 5/31/22
University of Central Arkansas,5/15/2019,000186,"$1,000.00",1 Year,4700-0-00-00000-00-0000,1 Year Subscription 5/13/19 to 5/31/19
Radford University ,5/15/2019,000187,"$8,425.00",3 Years,4700-0-00-00000-00-0000,3 Years Subscription 5/15/19 to 5/31/22
Northampton County Public Schools,5/15/2019,000185,$750.00,1 Year,4700-0-00-00000-00-0000,1 Year Subscription 6/30/19 to 6/30/20
University of Tennessee of Tennessee Martin,5/16/2019,000189,"$3,850.00",3 Years,4700-0-00-00000-00-0000,3 Years Subscription 5/15/19 to 5/31/22
Greenville College,5/21/2019,000190,"$1,000.00",1 Year,4700-0-00-00000-00-0000,1 Year Subscription 6/30/19 to 6/30/20
Southeast/South-Central Educational Cooperative,5/23/2019,000191,"$6,450.00",3 Years,4700-0-00-00000-00-0000,3 Years Subscription 5/22/19 to5/31/22
Kennesaw State University,5/24/2019,000192,"$2,500.00",1 Year,4700-0-00-00000-00-0000,1 Year Subscription 6/1/19 to 5/31/20
Georgia Southern University,5/29/2019,000193,"$2,000.00",3 Years,4700-0-00-00000-00-0000,3 Years Subscription 5/31/19 to 5/31/22
San Jose State University,5/29/2019,000194,"$3,000.00",1 Year,4700-0-00-00000-00-0000,1 Year Subscription 5/31/19 to 5/31/20
University of North Georgia,6/4/2019,000195,"$1,950.00",1 Year,4700-0-00-00000-00-0000,1 Year Subscription 6/3/19 to 5/31/20
VA NBCT Network,6/20/2019,000196,"$4,500.00",3 Years,4700-0-00-00000-00-0000,3 Years Subscription 6/19/19 to 6/30/22
Bainbridge Island School District,6/24/2019,000197,"$3,600.00",3 Years,4700-0-00-00000-00-0000,3 Years Subscription 6/24/19 to 6/30/22
Southern Connecticut State University,6/25/2019,000198,"$7,350.00",3 Years,4700-0-00-00000-00-0000,3 Years Subscription 5/31/19 to 5/31/22
John Hopkins University,6/25/2019,000199,"$2,180.00",1 Year,4700-0-00-00000-00-0000,1 Year Subscription 6/25/19 to 6/30/20
New York University,7/1/2019,000200,"$4,500.00",1 Year,4700-0-00-00000-00-0000,1 Year Subscription 7/31/19 to 7/31/20
Birmingham -Southern College,7/1/2019,000201,"$1,000.00",1 Year,4700-0-00-00000-00-0000,1 Year Subscription 6/30/19 to 6/30/20
Brenau University,7/1/2019,000202,"$2,500.00",1 Year,4700-0-00-00000-00-0000,1 Year Subscription 8/1/19 to 7/31/20
Stanford University/SCALE,7/2/2019,000203,$170.00,1 Year,4700-0-00-00000-00-0000,1 Year Subscription 10/1/18 to 09/30/19
Northwestern State University,7/8/2019,000204,"$2,000.00",1 Year,4700-0-00-00000-00-0000,1 Year Subscription 8/1/19 to 7/31/20
Western Governors University,7/8/2019,000205,"$20,000.00",1 Year,4700-0-00-00000-00-0000,1 Year Subscription 6/12/19 to 6/12/20
Sam Houston State University,7/20/2019,000206,"$1,000.00",1 Year,4700-0-00-00000-00-0000,1 Year Subscription 7/17/19 to 7/31/20
University of North Carolina Wilmington,7/24/2019,000208,"$3,260.00",1 Year,4700-0-00-00000-00-0000,1 Year Subscription 8/31/19 to 8/31/20
Fayetteville State University,8/9/2019,000209,$750.00,1 Year,4700-0-00-00000-00-0000,1 Year Subscription 8/31/19 to 8/31/20
American University,8/20/2019,000210,"$2,000.00",1 Year,4700-0-00-00000-00-0000,1 Year Subscription 8/31/19 to 8/31/20
Indiana University Libraries,8/23/2019,000211,"$2,500.00",1 Year,4700-0-00-00000-00-0000,1 Year Subscription 8/31/19 to 8/31/20
Rowan College South Jersey,9/4/2019,000213,"$1,550.00",1 Year,4700-0-00-00000-00-0000,1 Year Subscription 9/3/19 to 8/31/20
Monroe County School District,9/4/2019,000214,"$2,710.00",3 Years,4700-0-00-00000-00-0000,3 Years Subscription 9/3/19 to 8/31/22
University of North Carolina at Greensboro,9/9/2019,000215,"$3,500.00",1 Year,4700-0-00-00000-00-0000,1 Year Subscription 9/6/19 to 8/31/20
Central Washington University,9/9/2019,000216,"$1,500.00",1 Year,4700-0-00-00000-00-0000,1 Year Subscription 10/1/19 to 12/31/20
NM NBCT Network,9/12/2019,000217,"$1,200.00",1 Year,4700-0-00-00000-00-0000,1 Year Subscription 8/31/19 to 8/31/20
University of Southern Mississippi,9/20/2019,000220,"$1,200.00",1 Year,4700-0-00-00000-00-0000,1 Year Subscription 9/30/19 to 9/30/20
Lyndonville Central School District,9/20/2019,000221,"$1,880.00",1 Year,4700-0-00-00000-00-0000,1 Year Subscription 9/19/19 to 9/30/20
Winthrop University ,9/23/2019,000222,"$1,000.00",1 Year,4700-0-00-00000-00-0000,1 Year Subscription 9/20/19 to 9/30/20
TAOS Municipal School District,9/24/2019,000223,$510.00,1 Year,4700-0-00-00000-00-0000,1 Year Subscription 8/31/19 to 8/31/20
University of the Pacific,9/25/2019,000224,"$1,500.00",1 Year,4700-0-00-00000-00-0000,1 Year Subscription 9/30/19 to 9/30/20
Pierce College,9/26/2019,000225,$750.00,1 Year,4700-0-00-00000-00-0000,1 Year Subscription 9/30/19 to 9/30/20
Kansas State University,10/1/2019,000227,"$6,000.00",1 Year,4700-0-00-00000-00-0000,1 Year Subscription 7/31/19 to 7/31/20
NC New Teacher Support Program,10/1/2019,000226,"$1,500.00",1 Year,4700-0-00-00000-00-0000,1 Year Subscription 8/31/19 to 8/31/20
East Stroudsburg University & Colonial IU 20,10/2/2019,000228,"$1,500.00",1 Year,4700-0-00-00000-00-0000,1 Year Subscription 11/30/19 to 11/30/20
"BloomBoard, Inc.",10/11/2019,000229,"$15,000.00",1 Year,4700-0-00-00000-00-0000,1 Year Subscription 9/29/19 to 9/29/22
"BloomBoard, Inc.",10/17/2019,000230,"$30,000.00",3 Years,4700-0-00-00000-00-0000,3 Years Subscription 9/29/19 to 9/29/22 2nd inv to reflect adjustment
Western Governors University,10/21/2019,000231,"$16,000.00",2 Years,4700-0-00-00000-00-0000,2 Years renewal Subscription 6/12/20 to 6/12/21
CERRA,10/22/2019,000232,"$1,000.00",1 Year,4700-0-00-00000-00-0000,1 Year Subscription 10/31/19 to 10/31/20
Stanford University/SCALE,11/1/2019,000234,$860.00,1 Year,4700-0-00-00000-00-0000,1 Year Subscription 11/1/19 to 10/31/20
"Pathway to Practice,NCSU",11/1/2019,000233,"$2,000.00",1 Year,4700-0-00-00000-00-0000,1 Year Subscription 11/1/19 to 10/31/20
University of Tennessee at Martin,11/1/2019,000235,$130.00,1 Year,4700-0-00-00000-00-0000,1 Year Subscription 11/1/19 to 10/31/20
Young Harris College/Miller Library,11/5/2019,000236,"$1,250.00",1 Year,4700-0-00-00000-00-0000,1 Year Subscription 11/30/19 to 11/30/20
Bowling Green Independent Schools,11/13/2019,000237,"$1,650.00",1 Year,4700-0-00-00000-00-0000,1 Year Subscription 11/12/19 to 11/30/20
"University of California, River",11/18/2019,000240,"$1,250.00",1 Year,4700-0-00-00000-00-0000,1 Year Subscription 12/31/19 to 12/31/20
Southeast/South-Central Educational Cooperative,11/18/2019,000241,$200.00,3 Years,4700-0-00-00000-00-0000,3 Years Subscription 5/22/19 to 5/31/22 additional users adj
Four Corners Coalition/Farmingtn High School,11/18/2019,000212,$500.00,1 Year,4700-0-00-00000-00-0000,1 Year Subscription 8/31/19 to 8/31/20
Georgia Gwinnett College,11/19/2019,000243,"$2,500.00",1 Year,4700-0-00-00000-00-0000,1 Year Subscription 12/1/19 to 11/30/19
NM NT3 Santa Fe Public Schools ,11/20/2019,000244,$250.00,1 Year,4700-0-00-00000-00-0000,1 Year Subscription 11/30/19 to 11/30/20
Orange County DOE,12/12/2019,000247,"$1,100.00",1 Year,4700-0-00-00000-00-0000,1 Year Subscription 11/30/19 to 11/30/20
Colorado Education Association,12/12/2019,000246,$600.00,1 Year,4700-0-00-00000-00-0000,1 Year Subscription 12/3/19 to 12/31/20
Southeast/South-Central Educational Cooperative,12/12/2019,000245,$250.00,3 Years,4700-0-00-00000-00-0000,3 Years Subscription 5/22/19 to 5/31/22 additional users
Austin Peay State University,12/16/2019,000248,"$2,500.00",1 Year,4700-0-00-00000-00-0000,1 Year Subscription 12/31/19 to 12/31/20
Walla Walla Public Schools,1/13/2020,000249,"$2,300.00",3 Years,4700-0-00-00000-00-0000,3 Years Subscription 7/31/2020 to 7/31/2023
Piedmont College School of Education,1/13/2020,000250,"$3,000.00",1 Year,4700-0-00-00000-00-0000,1 Year Subscription 1/31/2020 to 1/31/2021
Georgia College and State University,1/13/2020,000251,"$2,350.00",1 Year,4700-0-00-00000-00-0000,1 Year Subscription 1/31/2020 to 1/31/2021
Milligan College,1/14/2020,000252,"$1,000.00",1 Year,4700-0-00-00000-00-0000,1 Year Subscription 1/31/2020 to 1/31/2021
Stanford University/SCALE,1/14/2020,000253,$250.00,1 Year,4700-0-00-00000-00-0000,1 Year Subscription 11/1/2019 to 10/31/2020
ST Thomas Aquinas College,1/27/2020,000254,$750.00,1 Year,4700-0-00-00000-00-0000,1 Year Subscription 1/31/2020 to 1/31/2021
Illinois College ,1/27/2020,000255,$500.00,3 Years,4700-0-00-00000-00-0000,3 Years Subscription 1/31/2019 to 1/31/2022
East Carolina University,1/28/2020,,"$1,250.00",1 Year,4700-0-00-00000-00-0000,1 Year Subscription 2/29/2020 to 2/28/2020
Southeast South-Central Education Cooperative,2/26/2020,NB022620-01,$450.00,3 Years,4700-0-00-00000-00-0000,3 Years Subscription 5/22/2019 to 5/31/2022
Richland Elementary School,3/3/2020,NB030320,"$1,600.00",1 Year,4700-0-00-00000-00-0000,1 Year Subscription 3/2/2020 to 02/28/2021
Augusta University,3/5/2020,NB030520,$750.00,1 Year,4700-0-00-00000-00-0000,1 Year Subscription 4/30/2020 to 4/30/2021
"Department of Defense Education Activity-Teaching and 
Learning Division ",3/6/2020,NB030620,"$1,730.00",1 Year,4700-0-00-00000-00-0000,1 Year Subscription 3/2/2020 to 3/1/2021
University of Tennessee at Martin,3/10/2020,NB031020,$310.00,3 Years,4700-0-00-00000-00-0000,3 Years Subscription 5/15/2019 to 05/31/2022
Illinois National Board Resource Center,3/12/2020,NB031220,"$6,000.00",3 Years,4700-0-00-00000-00-0000,3 Years Subscription 5/1/2020 to 05/01/2023
UNC Wilmington,3/17/2020,NB031720,"$1,750.00",1 Year,4700-0-00-00000-00-0000,1 Year Subscription 8/1/2019 to 8/31/2020
Catawba College,3/17/2020,NB031720A,"$1,000.00",1 Year,4700-0-00-00000-00-0000,1 Year Subscription 3/17/2020 to 3/31/2021
Mercer University,3/18/2020,NB031820,"$3,500.00",1 Year,4700-0-00-00000-00-0000,1 Year Subscription 3/20/2020 to 3/31/2021
Swarthmore College,3/18/2020,NB031820A,$412.00,3 Months,4700-0-00-00000-00-0000,3 Months Subscription 3/17/2020 to 6/30/2020
James Madison University College of Education ,3/20/2020,NB032020,"$2,875.00",3 Months,4700-0-00-00000-00-0000,3 Months Subscription 3/10/2020 to 6/30/2020
Midland University,3/20/2020,NB032020A,$875.00,3 Months,4700-0-00-00000-00-0000,3 Months Subscription 3/19/2020 to 6/30/2020
Winthrop University,3/20/2020,NB032020B,$875.00,3 Months,4700-0-00-00000-00-0000,3 Months Subscription 3/19/2020 to 6/30/2020
Augusta University ,3/20/2020,NB032020C,"$1,125.00",3 Months,4700-0-00-00000-00-0000,3 Months Subscription 3/19/2020 to 6/30/2020
Piedmont College ,3/20/2020,NB032020D,"$1,000.00",1 Year,4700-0-00-00000-00-0000,1 Year Subscription 1/31/2020 to 1/31/2021
Western Carolina University ,3/20/2020,NB032020E,"$7,500.00",1 Year,4700-0-00-00000-00-0000,1 Year Subscription 3/20/2020 to 3/31/2021
College of Coastal Georgia ,3/23/2020,NB032320,$563.00,3 Months,4700-0-00-00000-00-0000,3 Months Subscription 3/23/2020 to 6/30/2020
KCTCS,3/23/2020,NB032320A,"$3,922.00",3 Months,4700-0-00-00000-00-0000,3 Months Subscription 3/20/2020 to 6/30/2020
East Tennessee State University ,3/23/2020,NB032320B,$438.00,3 Months,4700-0-00-00000-00-0000,3 Months Subscription 3/23/2020 to 6/30/2020
George Mason University,3/24/2020,NB032420,"$2,125.00",3 Months,4700-0-00-00000-00-0000,3 Months Subscription 3/23/2020 to 6/30/2020
Colgate University,3/25/2020,NB032520,"$1,000.00",1 Year,4700-0-00-00000-00-0000,1 Year Subscription 3/19/2020 to 3/31/2021
University of New Orleans,3/25/2020,NB032520A,$625.00,3 Months,4700-0-00-00000-00-0000,3 Months Subscription 3/25/2020 to 6/30/2020
University of the Arts,3/25/2020,NB032520B,$516.00,3 Months,4700-0-00-00000-00-0000,3 Months Subscription 3/23/2020 to 6/30/2020
Governors State University ,3/25/2020,NB032520C,$625.00,3 Months,4700-0-00-00000-00-0000,3 Months Subscription 3/23/2020 to 6/30/2020
Augustana College ,3/25/2020,NB032520D,$587.00,3 Months,4700-0-00-00000-00-0000,3 Months Subscription 3/24/2020 to 6/30/2020
Georgia Gwinnett College ,3/25/2020,NB032520E,$250.00,3 Months,4700-0-00-00000-00-0000,3 Months Subscription 3/24/2020 to 6/30/2020
Kutztown University of Pennsylvania ,3/25/2020,NB032520F,"$5,500.00",3 Months,4700-0-00-00000-00-0000,3 Months Subscription 3/25/2020 to 6/30/2020
State University of New York (SUNY),3/25/2020,NB032520G,"$13,920.00",3 Months,4700-0-00-00000-00-0000,3 Months Subscription 3/25/2020 to 6/30/2020
Marietta College,3/26/2020,NB032620,"$4,830.00",3 Years,4700-0-00-00000-00-0000,3 Years Subscription 3/24/2020 to 3/31/2023
Purdue University,3/26/2020,NB032620A,"$2,500.00",1 Year,4700-0-00-00000-00-0000,1 Year Subscription 3/25/2020 to 3/31/2021
University of Guam,3/26/2020,NB032620B,$250.00,3 Months,4700-0-00-00000-00-0000,3 Months Subscription 3/25/2020 to 6/30/2020
Tennessee Wesleyan University,3/26/2020,NB032620C,$687.00,3 Months,4700-0-00-00000-00-0000,3 Months Subscription 3/25/2020 to 6/30/2020
Cumberland University,3/26/2020,NB032620D,$625.00,3 Months,4700-0-00-00000-00-0000,3 Months Subscription 3/26/2020 to 6/30/2020
Montclair State University,3/27/2020,NB032720,"$1,375.00",3 Months,4700-0-00-00000-00-0000,3 Months Subscription 3/20/2020 to 6/30/2020
SUNY College of Oneonta,3/27/2020,NB032720A,$455.00,3 Months,4700-0-00-00000-00-0000,3 Months Subscription 3/25/2020 to 6/30/2020
"University of California, Davis ",3/30/2020,NB033020,$807.00,3 Months,4700-0-00-00000-00-0000,3 Months Subscription 3/27/2020 to 6/30/2020
University of Hawaii at Manoa,3/30/2020,NB033020A,$425.00,3 Months,4700-0-00-00000-00-0000,3 Months Subscription 3/30/2020 to 6/30/2020
East Carolina University ,3/30/2020,NB033020B,"$1,625.00",3 Months,4700-0-00-00000-00-0000,3 Months Subscription 3/30/2020 to 6/30/2020
Murray State University ,3/30/2020,NB033020C,"$1,825.00",3 Months,4700-0-00-00000-00-0000,3 Months Subscription 3/30/2020 to 6/30/2020
Marietta College,3/31/2020,NB033120,$100.00,3 Years,4700-0-00-00000-00-0000,3 Years Subscription 3/24/2020 to 3/31/2023
Millersville University of Pennsylvania ,3/31/2020,NB033120A,"$1,666.00",5 Months,4700-0-00-00000-00-0000,5 Months Subscription 3/27/2020 to 8/31/2020
"Teachers College, Columbia University",4/1/2020,NB040120,"$1,625.00",3 Months,4700-0-00-00000-00-0000,3 Months Subscription 3/31/2020 to 6/30/2020
SUNY College at Brockport,4/1/2020,NB040120A,$750.00,3 Months,4700-0-00-00000-00-0000,3 Months Subscription 3/27/2020 to 6/30/2020
Montclair State University,4/2/2020,NB040220,$265.00,3 Months,4700-0-00-00000-00-0000,3 Months Subscription 3/20/2020 to 6/30/2020
University of West Alabama,4/2/2020,NB040220A,$62.50,3 Months,4700-0-00-00000-00-0000,3 Months Subscription 4/1/2020 to 6/30/2020
University of Tennessee at Martin,4/2/2020,NB040220B,$132.50,3 Months,4700-0-00-00000-00-0000,3 Months Subscription 3/24/2020 to 6/30/2020
Southern Adventist University,4/2/2020,NB040220C,$625.00,3 Months,4700-0-00-00000-00-0000,3 Months Subscription 4/2/2020 to 6/30/2020
Manhattanville College,4/2/2020,NB040220D,$875.00,3 Months,4700-0-00-00000-00-0000,3 Months Subscription 4/2/2020 to 6/30/2020
Seattle University,4/3/2020,NB040320,$500.00,3 Months,4700-0-00-00000-00-0000,3 Months Subscription 4/1/2020 to 6/30/2020
Georgia Southern University,4/6/2020,NB040320,"$3,000.00",3 Years,4700-0-00-00000-00-0000,3 Years Subscription 5/31/2019 to 05/31/2022
Concordia University Chicago,4/7/2020,NB040720,$875.00,3 Months,4700-0-00-00000-00-0000,3 Months Subscription 4/6/2020 to 6/30/2020
Syracuse University,4/7/2020,NB040720A,"$1,375.00",3 Months,4700-0-00-00000-00-0000,3 Months Subscription 4/1/2020 to 6/30/2020
Spelman College,4/7/2020,NB040720B,"$1,900.00",1 Year,4700-0-00-00000-00-0000,1 Year Subscription 4/1/2020 to 5/31/2021
University of Alabama,4/8/2020,NB040820,"$50,000.00",1 Year,4700-0-00-00000-00-0000,1 Year Subscription 10/1/2020 to 9/30/2021
Swarthmore College,4/8/2020,NB040820A,$130.00,3 Months,4700-0-00-00000-00-0000,3 Months Subscription 3/17/2020 to 6/30/2020
University of North Georgia,4/8/2020,NB040820B,"$1,900.00",1 Year,4700-0-00-00000-00-0000,1 Year Subscription 5/31/2020 to 5/31/2021
University of North Georgia ,4/9/2020,NB040920,"$2,100.00",1 Year,4700-0-00-00000-00-0000,1 Year Subscription 4/9/2020 to 3/31/2021
Felician University,3/24//2016,AJ515,$750.00,1 Year,4700-0-00-00000-00-0000,1 Year Subscription 3/22/16 to 3/31/17
University of NC Greensboro,3/24//2016,AJ515,"$3,500.00",1 Year,4700-0-00-00000-00-0000,1 Year Subscription 3/22/16 to 3/31/17
NEA Vermont,3/24//2016,AJ515,"$4,200.00",1 Year,4700-0-00-00000-00-0000,1 Year Subscription 3/22/16 to 3/31/17
"CTU Foundation,Inc",3/24//2016,AJ515,"$4,600.00",1 Year,4700-0-00-00000-00-0000,1 Year Subscription 3/22/16 to 3/31/17
National Louis University,4/9/2020,NB040920B,$625.00,3 Months,4700-0-00-00000-00-0000,3 Months Subscription 4/8/2020 to 6/30/2020
KYDOE-Educator Recruitment and Development,4/9/2020,NB040920C,"$3,810.00",3 Years,4700-0-00-00000-00-0000,3 Years Subscription 4/8/2020 to 03/31/2023
Chapman University,4/9/2020,NB040920D,$625.00,3 Months,4700-0-00-00000-00-0000,3 Months Subscription 4/6/2020 to 7/7/2020
Troy University,4/9/2020,NB040920E,"$5,500.00",1 Year,4700-0-00-00000-00-0000,1 Year Subscription 4/8/2020 to 3/31/2021
City University of New York ,4/15/2020,NB041520,$625.00,3 Months,4700-0-00-00000-00-0000,3 Months Subscription 4/10/2020 to 7/10/2020
University of Wisconsin Stevens Point,4/15/2020,NB041520A,$250.00,3 Months,4700-0-00-00000-00-0000,3 Months Subscription 4/9/2020 to 7/9/2020
SUNY Erie Community College ,4/15/2020,NB041520B,$150.00,3 Months,4700-0-00-00000-00-0000,3 Months Subscription 3/25/2020 to 6/30/2020
Central Washington University ,4/15/2020,NB041520C,$547.43,1 Year,4700-0-00-00000-00-0000,1 Year Subscription 10/1/2019 to 12/31/2020
University of Richmond,4/15/2020,NB041520D,"$1,700.00",1 Year,4700-0-00-00000-00-0000,1 Year Subscription 3/26/2020 to 3/31/2021
SUNY Plattsburgh ,4/15/2020,NB041520F,$450.00,3 Months,4700-0-00-00000-00-0000,3 Months Subscription 4/13/2020 to 7/13/2020
University of North Alabama ,4/15/2020,NB041520G,$500.00,3 Months,4700-0-00-00000-00-0000,3 Months Subscription 4/8/2020 to 6/30/2020
Morehead State University,4/15/2020,NB041520H,$875.00,3 Months,4700-0-00-00000-00-0000,3 Months Subscription 3/23/2020 to 6/30/2020
City University of New York ,4/15/2020,NB041520I,$225.00,3 Months,4700-0-00-00000-00-0000,3 Months Subscription 4/10/2020 to 7/10/2020
Ithaca College,4/17/2020,NB041720,$875.00,3 Months,4700-0-00-00000-00-0000,3 Months Subscription 4/10/2020 to 7/10/2020
University of San Francisco,4/17/2020,NB041720A,"$3,500.00",1 Year,4700-0-00-00000-00-0000,1 Year Subscription 4/15/2020 to 4/31/2021
Union University ,4/20/2020,NB042020,"$1,600.00",1 Year,4700-0-00-00000-00-0000,1 Year Subscription 4/30/2020 to 4/30/2021
Western Governors University,4/21/2020,NB042120,"$16,000.00",1 Year,4700-0-00-00000-00-0000,1 Year Subscription 6/12/2020 to 6/12/2021
University of North Carolina Charlotte,4/21/2020,NB042120A,"$5,250.00",1 Year,4700-0-00-00000-00-0000,1 Year Subscription 4/30/2020 to 4/30/2021
Auburn University ,4/22/2020,NB042220,$527.00,3 Months,4700-0-00-00000-00-0000,3 Months Subscription 4/17/2020 to 7/17/2020
Oregon State University ,4/23/2020,NB042320,"$1,000.00",3 Months,4700-0-00-00000-00-0000,3 Months Subscription 4/22/2020 to 7/22/2020
Mississippi State University-Meridian ,4/23/2020,NB042320A,$500.00,3 Months,4700-0-00-00000-00-0000,3 Months Subscription 4/21/2020 to 7/21/2020
Piedmont College ,4/23/2020,NB042320B,"$2,000.00",1 Year,4700-0-00-00000-00-0000,1 Year Subscription 1/21/2020 to 1/31/2021 (2 Years)
College of Mount Saint Vincent ,4/23/2020,NB042320C,$625.00,3 Months,4700-0-00-00000-00-0000,3 Months Subscription 4/22/2020 to 7/22/2020
University of South Alabama ,4/27/2020,NB042720,"$2,500.00",1 Year,4700-0-00-00000-00-0000,1 Year Subscription 4/23/2020 to 4/30/2021
College of Coastal Georgia ,4/27/2020,NB042720A,"$2,700.00",1 Year,4700-0-00-00000-00-0000,1 Year Subscription 6/1/2020 to 5/31/2021
Texas A&M University,4/29/2020,NB042920,"$21,500.00",1 Year,4700-0-00-00000-00-0000,1 Year Subscription 5/5/2020 to 5/5/2021
Birmingham-Southern College,4/30/2020,NB043020,"$1,000.00",1 Year,4700-0-00-00000-00-0000,1 Year Subscription 6/30/2020 to 6/30/2021
Stanford University/SCALE ,5/1/2020,NB050120,$476.00,1 Year,4700-0-00-00000-00-0000,1 Year Subscription 11/1/2019 to 10/31/2020
Troy University ,5/1/2020,NB050120A,"$2,059.00",1 Year,4700-0-00-00000-00-0000,1 Year Subscription 4/8/2020 to 3/31/2021
Bellarmine University ,5/1/2020,NB050120B,"$2,500.00",1 Year,4700-0-00-00000-00-0000,1 Year Subscription 5/4/2020 to 4/30/2021
University of North Alabama,5/6/2020,NB050620,$500.00,3 Months,4700-0-00-00000-00-0000,3 Months Subscription 4/8/2020 to 6/30/2020
NC A&T State University,5/6/2020,NB050620A,"$10,500.00",3 Years,4700-0-00-00000-00-0000,3 Years Subscription 4/20/2020 to 04/30/2023
University of California Davis,6/7/2020,NB050720,"$2,882.00",1 Year,4700-0-00-00000-00-0000,1 Year Subscription 5/4/2020 to 4/30/2021
Fayetteville State University ,5/11/2020,NB051120,"$6,000.00",3 Years,4700-0-00-00000-00-0000,3 Years Subscription 8/31/2020 to 08/31/2023
Saint Joseph’s College ,5/12/2020,NB051220,"$1,000.00",1 Year,4700-0-00-00000-00-0000,1 Year Subscription 5/15/2020 to 05/31/2021
William Paterson University,5/13/2020,NB051320,"$1,900.00",1 Year,4700-0-00-00000-00-0000,1 Year Subscription 5/18/2020 to 05/31/2021
Louisiana State University Baton Rouge ,5/13/2020,NB051320A,"$3,000.00",1 Year,4700-0-00-00000-00-0000,1 Year Subscription 5/4/2020 to 04/30/2021
Sam Houston State University ,5/18/2020,NB051820,"$2,000.00",1 Year,4700-0-00-00000-00-0000,1 Year Subscription 5/20/2020 to 07/31/2021
Northampton County Public Schools,5/19/2020,NB051920,$750.00,1 Year,4700-0-00-00000-00-0000,1 Year Subscription 6/30/2020 to 06/30/2021
Kennesaw State University,5/21/2020,NB052120,"$2,500.00",1 Year,4700-0-00-00000-00-0000,1 Year Subscription 6/1/2020 to 05/31/2021
Emporia State University,5/22/2020,NB052220,"$1,000.00",1 Year,4700-0-00-00000-00-0000,1 Year Subscription 6/30/2020 to 06/30/2021
Northwestern State University,5/29/2020,NB052920,"$2,000.00",1 Year,4700-0-00-00000-00-0000,1 Year Subscription 7/31/2020 to 07/31/2021
University of Kentucky Libraries,6/1/2020,NB060120,"$4,800.00",3 Years,4700-0-00-00000-00-0000,3 Years Subscription 6/1/2020 to 05/31/2023
John Hopkins University ,6/1/2020,NB060120A,"$1,800.00",1 Year,4700-0-00-00000-00-0000,1 Year Subscription 6/30/2020 to 06/30/2021
University of Louisiana at Monroe ,6/2/2020,NB060220,"$2,250.00",3 Months,4700-0-00-00000-00-0000,3 Months Subscription 7/1/2020 to 09/30/2020
Manhattanville College ,6/2/2020,NB060220A,$875.00,3 Months,4700-0-00-00000-00-0000,3 Months Subscription 7/1/2020 to 09/30/2020
University of North Carolina ,6/2/2020,NB060220B,$375.00,3 Months,4700-0-00-00000-00-0000,3 Months Subscription 9/15/2020 to 12/15/2020
Kansas State University ,6/3/2020,NB060320,"$7,500.00",1 Year,4700-0-00-00000-00-0000,1 Year Subscription 7/31/2020 to 07/31/2021
New York University-Steinhardt ,6/4/2020,NB060420,"$4,500.00",1 Year,4700-0-00-00000-00-0000,1 Year Subscription 7/31/2020 to 07/31/2021
Central Connecticut State University ,6/4/2020,NB060420A,"$7,500.00",3 Years,4700-0-00-00000-00-0000,3 Years Subscription 5/31/2020 to 05/32/2023
Santa Rosa County District Schools ,6/8/2020,NB060820,"$1,158.00",3 Months,4700-0-00-00000-00-0000,3 Months Subscription 7/1/2020 to 09/30/2020
James Madison University College of Education ,6/11/2020,NB061120,"$12,500.00",1 Year,4700-0-00-00000-00-0000,1 Year Subscription 7/1/2020 to 06/30/2021
James Madison University College of Education ,6/11/2020,NB061120A,"$3,344.25",1 Year,4700-0-00-00000-00-0000,1 Year Subscription 7/1/2020 to 06/30/2021
University of North Colorado,6/11/2020,NB061120B,"$5,252.00",3 Years,4700-0-00-00000-00-0000,3 Years Subscription 7/1/2020 to 06/30/2023
The University of Southern Mississippi  ,6/12/2020,NB061220,"$2,000.00",1 Year,4700-0-00-00000-00-0000,1 Year Subscription 6/15/2020 to 06/30/2021
The Support Network ,6/15/2020,NB061520,"$1,800.00",1 Year,4700-0-00-00000-00-0000,1 Year Subscription 7/31/2020 to 07/31/2021
Brigham Young University – Hawaii ,6/16/2020,NB061620,"$3,000.00",1 Year,4700-0-00-00000-00-0000,1 Year Subscription 6/16/2020 to 06/30/2021
Tacoma Public Schools,6/16/2020,NB061620A,"$5,500.00",3 Years,4700-0-00-00000-00-0000,3 Years Subscription 11/2/2020 to 11/30/2023
Northern Arizona University ,6/16/2020,NB061620B,$625.00,3 Months,4700-0-00-00000-00-0000,3 Months Subscription 8/17/2020 to 11/17/2020
San Jose State University ,6/16/2020,NB061620C,"$4,500.00",1 Year,4700-0-00-00000-00-0000,1 Year Subscription 5/31/2020 to 05/31/2021
Husson University ,6/16/2020,NB061620D,"$1,000.00",1 Year,4700-0-00-00000-00-0000,1 Year Subscription 7/1/2020 to 06/30/2021
"University of California, Riverside ",6/17/2020,NB061720,$500.00,1 Year,4700-0-00-00000-00-0000,1 Year Subscription 12/31/2019 to 12/31/2020
Vitero University ,6/18/2020,NB061820,$160.00,3 Months,4700-0-00-00000-00-0000,3 Months Subscription 6/18/2020 to 9/18/2020
California State Polytechnic University Pomona-Education/CEIS ,6/22/2020,NB062220,"$1,029.00",1 Year,4700-0-00-00000-00-0000,1 Year Subscription 6/22/2020 to 6/30/2021
Rider University ,6/22/2020,NB062220A,"$4,500.00",1 Year,4700-0-00-00000-00-0000,1 Year Subscription 7/1/2020 to 6/30/2021
"The University of Tennessee, Knoxville ",6/23/2020,NB062320,"$3,500.00",1 Year,4700-0-00-00000-00-0000,1 Year Subscription 7/1/2020 to 6/30/2021
Saint Xavier University ,6/24/2020,NB062420,"$3,000.00",1 Year,4700-0-00-00000-00-0000,1 Year Subscription 8/1/2020 to 7/31/2021
Clemson University ,6/25/2020,NB062520,$540.33,3 Months,4700-0-00-00000-00-0000,3 Months Subscription 9/1/2020 to 12/1/2020
University of St. Francis,6/25/2020,NB062520A,"$2,500.00",1 Year,4700-0-00-00000-00-0000,1 Year Subscription 8/15/2020 to 8/31/2021
Northeastern Illinois University ,6/25/2020,NB062520B,"$6,500.00",1 Year,4700-0-00-00000-00-0000,1 Year Subscription 8/4/2020 to 7/31/2021
George Mason University ,6/26/2020,NB062620,"$2,500.00",3 Months,4700-0-00-00000-00-0000,3 Months Subscription 7/1/2020 to 12/31/2020
Troy University ,6/26/2020,NB062620A,"$2,058.80",1 Year,4700-0-00-00000-00-0000,1 Year Subscription 4/8/2020 to 3/31/2021
Swarthmore College ,6/29/2020,NB062920,"$1,600.00",1 Year,4700-0-00-00000-00-0000,1 Year Subscription 7/1/2020 to 6/30/2021
SUNY College of Oneonta ,6/29/2020,NB062920A,"$2,500.00",6 Months,4700-0-00-00000-00-0000,6 Months Subscription 7/1/2020 to 12/31/2020
East Tennessee State University ,6/30/2020,NB063020,"$4,500.00",1 Year,4700-0-00-00000-00-0000,1 Year Subscription 6/30/2020 to 6/30/2021
Montclair State University ,7/1/2020,NB070120,"$1,000.00",6 Months,4700-0-00-00000-00-0000,6 Months Subscription 7/1/2020 to 12/31/2020
Syracuse University ,7/2/2020,NB070220,"$2,750.00",6 Months,4700-0-00-00000-00-0000,6 Months Subscription 7/1/2020 to 12/31/2020
Belhaven University,7/8/2020,NB070820,"$2,650.00",1 Year,4700-0-00-00000-00-0000,1 Year Subscription 8/1/2020 to 7/31/2021
City University of New York ,7/8/2020,NB070820A,"$1,700.00",6 Months,4700-0-00-00000-00-0000,6 Months Subscription 7/1/2020 to 12/31/2020
Morehead State University ,7/8/2020,NB070820B,"$3,500.00",1 Year,4700-0-00-00000-00-0000,1 Year Subscription 7/7/2020 to 6/30/2021
Lorain County Community College ,7/8/2020,NB070820C,$525.00,3 Months,4700-0-00-00000-00-0000,3 Months Subscription 8/24/2020 to 11/30/2020
Mississippi State University Meridian ,7/9/2020,NB070920,"$1,000.00",6 Months,4700-0-00-00000-00-0000,6 Months Subscription 7/21/2020 to 12/31/2020
University of Illinois Springfield ,7/10/2020,NB071020,"$2,250.00",1 Year,4700-0-00-00000-00-0000,1 Year Subscription 7/10/2020 to 6/30/2021
Southern Adventist University ,7/14/2020,NB071420,"$2,500.00",1 Year,4700-0-00-00000-00-0000,1 Year Subscription 7/13/2020 to 6/30/2021
Skidmore College,7/14/2020,NB071420A,"$1,850.00",1 Year,4700-0-00-00000-00-0000,1 Year Subscription 7/15/2020 to 7/14/2021
Duke University ,7/15/2020,NB071520,"$1,920.00",1 Year,4700-0-00-00000-00-0000,1 Year Subscription 7/15/2020 to 7/31/2021
Augusta University ,7/15/2020,NB071520A,"$3,000.00",1 Year,4700-0-00-00000-00-0000,1 Year Subscription 4/30/2020 to 4/30/2021
Roosevelt University ,7/15/2020,NB071520B,"$2,500.00",1 Year,4700-0-00-00000-00-0000,1 Year Subscription 7/1/2020 to 6/30/2021
San Jose State University ,7/16/2020,NB071620,"$2,000.00",1 Year,4700-0-00-00000-00-0000,1 Year Subscription 5/31/2020 to 5/31/2021
National Louis University,7/16/2020,NB071620A,"$2,200.00",1 Year,4700-0-00-00000-00-0000,1 Year Subscription 8/17/2020 to 8/31/2021
"California State University, Stanislaus ",7/16/2020,NB071620B,"$2,000.00",1 Year,4700-0-00-00000-00-0000,1 Year Subscription 7/15/2020 to 7/31/2021
Salve Regina University,7/17/2020,NB071720,"$1,650.00",1 Year,4700-0-00-00000-00-0000,1 Year Subscription 8/1/2020 to 7/31/2021
Southeast KCTCS ,7/21/2020,NB072120,$421.00,3 Months,4700-0-00-00000-00-0000,3 Months Subscription 7/16/2020 to 11/30/2020
Southeast KCTCS ,7/21/2020,NB072120A,"$1,200.00",6 Months,4700-0-00-00000-00-0000,6 Months Subscription 8/16/2020 to 1/31/2021
Southern Illinois University Carbondale,7/22/2020,NB072220,$750.00,3 Months,4700-0-00-00000-00-0000,3 Months Subscription 9/1/2020 to 12/1/2020
East Carolina University ,7/23/2020,NB072320,"$1,500.00",1 Year,4700-0-00-00000-00-0000,1 Year Subscription 2/29/2020 to 2/28/2021
Brock University,7/23/2020,NB072320A,"$1,222.00",3 Months,4700-0-00-00000-00-0000,3 Months Subscription 9/1/2020 to 12/8/2020
"University of Kentucky, IHE Special Education Consortium ",7/23/2020,NB072320B,"$3,500.00",1 Year,4700-0-00-00000-00-0000,1 Year Subscription 8/1/2020 to 7/31/2021
Delta State University ,7/23/2020,NB072320C,"$4,500.00",3 Years,4700-0-00-00000-00-0000,3 Years Subscription 8/31/2020 to 8/31/2023
CA State University Chico ,7/23/2020,NB072320D,"$4,000.00",1 Year,4700-0-00-00000-00-0000,1 Year Subscription 7/24/2020 to 7/31/2021
University of La Verne ,7/27/2020,NB072720,"$7,000.00",1 Year,4700-0-00-00000-00-0000,1 Year Subscription 7/26/2020 to 7/31/2021
Utah Valley University ,7/29/2020,NB072920,"$6,500.00",1 Year,4700-0-00-00000-00-0000,1 Year Subscription 5/18/2020 to 5/31/2021
Chicago State University ,7/29/2020,NB072920A,"$2,500.00",1 Year,4700-0-00-00000-00-0000,1 Year Subscription 8/17/2020 to 8/31/2021
University of North Alabama ,7/30/2020,NB073020,"$2,000.00",6 Months,4700-0-00-00000-00-0000,6 Months Subscription 7/10/2020 to 1/10/2021
Auburn University,7/30/2020,NB073020A,"$2,300.00",1 Year,4700-0-00-00000-00-0000,1 Year Subscription 7/22/2020 to 7/31/2021
University of Maryland,7/30/2020,NB073020B,"$1,470.00",1 Year,4700-0-00-00000-00-0000,1 Year Subscription 8/8/2020 to 7/31/2021
Clayton State University,7/30/2020,NB073020C,"$2,500.00",1 Year,4700-0-00-00000-00-0000,1 Year Subscription 8/1/2020 to 7/31/2021
University of Lynchburg,7/31/2020,NB073120,$525.00,3 Months,4700-0-00-00000-00-0000,3 Months Subscription 8/12/2020 to 11/20/2020
Western Illinois University,7/31/2020,NB073120A,"$3,000.00",1 Year,4700-0-00-00000-00-0000,1 Year Subscription 9/1/2020 to 8/31/2021
University of North Carolina Chapel Hill,7/31/2020,NB073120C,"$2,250.00",1 Year,4700-0-00-00000-00-0000,1 Year Subscription 8/1/2020 to 7/31/2021
Creighton University,8/3/2020,NB080320,$425.00,3 Months,4700-0-00-00000-00-0000,3 Months Subscription 8/24/2020 to 11/24/2020
Berea College,8/3/2020,NB080320A,"$2,600.00",1 Year,4700-0-00-00000-00-0000,1 Year Subscription 8/1/2020 to 7/31/2021
Appalachian State University,8/3/2020,NB080320B,"$2,000.00",1 Year,4700-0-00-00000-00-0000,1 Year Subscription 8/1/2020 to 7/31/2021
Saint Joseph’s University,8/3/2020,NB080320C,"$7,560.00",3 Years,4700-0-00-00000-00-0000,3 Years Subscription 8/7/2020 to 7/31/2023
University of West Georgia,8/5/2020,NB080520,"$3,500.00",1 Year,4700-0-00-00000-00-0000,1 Year Subscription 8/1/2020 to 7/31/2021
East Carolina University,8/5/2020,NB080520A,"$1,500.00",1 Year,4700-0-00-00000-00-0000,1 Year Subscription 8/31/2020 to 8/31/2021
Utica College,8/6/2020,NB080620,"$1,750.00",6 Months,4700-0-00-00000-00-0000,6 Months Subscription 7/21/2020 to 1/21/2021
Appalachian State University       ,8/6/2020,NB080620A,"$3,700.00",1 Year,4700-0-00-00000-00-0000,1 Year Subscription 8/1/2020 to 7/31/2021
University of Central Arkansas,8/6/2020,NB080620B,"$1,000.00",6 Months,4700-0-00-00000-00-0000,6 Months Subscription 9/15/2020 to 9/30/2021
Concordia University Irvine,8/7/2020,NB080720,$550.00,6 Months,4700-0-00-00000-00-0000,6 Months Subscription 9/8/2020 to 12/8/2021
Brenau University,8/7/2020,NB080720A,"$2,600.00",1 Year,4700-0-00-00000-00-0000,1 Year Subscription 7/31/2020 to 7/31/2021
Georgia Gwinnett College,8/10/2020,NB081020,"$1,150.00",1 Year,4700-0-00-00000-00-0000,1 Year Subscription 12/1/2019 to 11/30/2020
Francis Marion University,8/10/2020,NB081020A,"$2,100.00",1 Year,4700-0-00-00000-00-0000,1 Year Subscription 8/13/2020 to 7/31/2021
California State University Long Beach,8/10/2020,NB081020B,"$2,000.00",1 Year,4700-0-00-00000-00-0000,1 Year Subscription 8/7/2020 to 7/31/2021
Manhattanville College ,8/10/2020,NB081020C,$875.00,3 Months,4700-0-00-00000-00-0000,3 Months Subscription 9/30/2020 to 12/31/2020
Concord University,8/11/2020,NB081120,$738.01,3 Months,4700-0-00-00000-00-0000,3 Months Subscription 8/17/2020 to 11/17/2020
Humboldt State University,8/11/2020,NB081120A,"$3,500.00",1 Year,4700-0-00-00000-00-0000,1 Year Subscription 8/12/2020 to 7/31/2021
University of Lynchburg,8/11/2020,NB081120B,$237.50,3 Months,4700-0-00-00000-00-0000,3 Months Subscription 8/12/2020 to 11/20/2020
California University of Pennsylvania,8/12/2020,NB081220,"$8,500.00",1 Year,4700-0-00-00000-00-0000,1 Year Subscription 8/17/2020 to 8/31/2021
Louisiana State University of Alexandria,8/12/2020,NB081220A,$562.00,3 Months,4700-0-00-00000-00-0000,3 Months Subscription 8/12/2020 to 11/12/2020
"Mississippi State University, College of Education",8/12/2020,NB081220B,"$6,000.00",1 Year,4700-0-00-00000-00-0000,1 Year Subscription 8/10/2020 to 7/31/2021
Bridgewater College,8/12/2020,NB081220C,"$2,600.00",1 Year,4700-0-00-00000-00-0000,1 Year Subscription 8/4/2020 to 7/31/2021
East Carolina University ,8/13/2020,NB081320,"$8,000.00",1 Year,4700-0-00-00000-00-0000,1 Year Subscription 2/29/2020 to 2/28/2021
Arcadia University ,8/13/2020,NB081320A,"$1,800.00",1 Year,4700-0-00-00000-00-0000,1 Year Subscription 8/1/2020 to 7/31/2021
"Temple University, Tyler School of Art and Architecture",8/13/2020,NB081320B,$550.00,3 Months,4700-0-00-00000-00-0000,3 Months Subscription 8/24/2020 to 12/7/2020
FSU-Teach Florida State University,8/13/2020,NB081320C,"$2,350.00",1 Year,4700-0-00-00000-00-0000,1 Year Subscription 8/13/2020 to 7/31/2021
"Harding University, College of Education",8/13/2020,NB081320D,"$1,375.00",3 Months,4700-0-00-00000-00-0000,3 Months Subscription 9/1/2020 to 12/1/2020
Kentucky Community & Technical College,8/13/2020,NB081320E,"$11,350.00",1 Year,4700-0-00-00000-00-0000,1 Year Subscription 8/17/2020 to 8/31/2021
NC Central University ,8/13/2020,NB081320F,$750.00,3 Months,4700-0-00-00000-00-0000,3 Months Subscription 9/1/2020 to 12/1/2020
"University of South Carolina, Beaufort",8/13/2020,NB081320G,$750.00,3 Months,4700-0-00-00000-00-0000,3 Months Subscription 9/1/2020 to 11/30/2020
Providence College,8/13/2020,NB081320H,$750.00,3 Months,4700-0-00-00000-00-0000,3 Months Subscription 9/1/2020 to 12/1/2020
The College of Wooster ,8/17/2020,NB081720,"$1,610.00",6 Months,4700-0-00-00000-00-0000,6 Months Subscription 19/8/2020 to 19/2/2021
Reinhardt University,8/17/2020,NB081720A,"$2,300.00",1 Year,4700-0-00-00000-00-0000,1 Year Subscription 9/1/2020 to 8/31/2021
University of New Mexico,8/17/2020,NB081720B,"$2,000.00",1 Year,4700-0-00-00000-00-0000,1 Year Subscription 8/24/2020 to 8/31/2021
Hope International University,8/17/2020,NB081720C,"$1,500.00",6 Months,4700-0-00-00000-00-0000,6 Months Subscription 17/8/2020 to 2/17/2021
North Central College,8/17/2020,NB081720D,"$2,500.00",1 Year,4700-0-00-00000-00-0000,1 Year Subscription 8/5/2020 to 7/31/2021
Seton Hall University,8/17/2020,NB081720E,"$4,300.00",1 Year,4700-0-00-00000-00-0000,1 Year Subscription 8/24/2020 to 8/31/2021
Lee University School of Music,8/17/2020,NB081720F,$450.00,6 Months,4700-0-00-00000-00-0000,6 Months Subscription 9/1/2020 to 1/31/2021
Cumberland University,8/19/2020,NB081920,"$2,510.00",1 Year,4700-0-00-00000-00-0000,1 Year Subscription 8/18/2020 to 8/31/2021
St. Louis Community College ,8/19/2020,NB081920A,$575.00,3 Months,4700-0-00-00000-00-0000,3 Months Subscription 9/1/2020 to 12/1/2020
Middle Tennessee State University,8/19/2020,NB081920B,"$12,600.00",3 Years,4700-0-00-00000-00-0000,3 Years Subscription 8/31/2020 to 8/31/2023
University of North Dakota,8/19/2020,NB081920C,"$1,280.00",6 Months,4700-0-00-00000-00-0000,6 Months Subscription 8/19/2020 to 2/19/2021
University of Wisconsin-Madison,8/19/2020,NB081920D,"$1,680.00",6 Months,4700-0-00-00000-00-0000,6 Months Subscription 8/24/2020 to 2/28/2021
University of Montevallo,8/19/2020,NB081920E,"$1,500.00",6 Months,4700-0-00-00000-00-0000,6 Months Subscription 9/1/2020 to 3/31/2021
University of Hawaii at Manoa,8/20/2020,NB082020,"$3,030.00",1 Year,4700-0-00-00000-00-0000,1 Year Subscription 8/19/2020 to 8/31/2021
Governors State University,8/20/2020,NB082020B,"$1,750.00",6 Months,4700-0-00-00000-00-0000,6 Months Subscription 7/6/2020 to 1/31/2021
Seattle University,8/20/2020,NB082020A,"$2,500.00",1 Year,4700-0-00-00000-00-0000,1 Year Subscription 8/17/2020 to 8/31/2021
Salem University,8/20/2020,NB082020C,"$2,500.00",1 Year,4700-0-00-00000-00-0000,1 Year Subscription 8/31/2020 to 8/31/2021
Coastal Carolina University,8/20/2020,NB082020D,"$3,300.00",1 Year,4700-0-00-00000-00-0000,1 Year Subscription 8/17/2020 to 8/31/2021
Shippensburg University,8/24/2020,NB082420,"$5,000.00",1 Year,4700-0-00-00000-00-0000,1 Year Subscription 8/31/2020 to 8/31/2021
"California State University, Fullerton",8/24/2020,NB082420A,"$4,000.00",1 Year,4700-0-00-00000-00-0000,1 Year Subscription 8/20/2020 to 8/31/2021
Maryville College,8/24/2020,NB082420B,$562.00,1 Year,4700-0-00-00000-00-0000,1 Year Subscription 9/14/2020 to 12/14/2020
Mercer University,8/24/2020,NB082420D,"$2,500.00",1 Year,4700-0-00-00000-00-0000,1 Year Subscription 3/20/2020 to 3/31/2021
"CA State University, Stanislaus",8/25/2020,NB082520,$950.00,1 Year,4700-0-00-00000-00-0000,1 Year Subscription 7/15/2020 to 7/31/2021
Rutgers University Graduate School of Education,8/25/2020,NB082520A,"$4,500.00",1 Year,4700-0-00-00000-00-0000,1 Year Subscription 8/25/2020 to 8/31/2021
Georgia Gwinnett College ,8/25/2020,NB082520B,$150.00,1 Year,4700-0-00-00000-00-0000,1 Year Subscription 12/1/2019 to 11/30/2020
Columbia College,8/25/2020,NB082520C,"$1,000.00",1 Year,4700-0-00-00000-00-0000,1 Year Subscription 8/1/2020 to 7/31/2021
University of North Carolina at Greensboro ,8/25/2020,NB082520D,"$3,500.00",1 Year,4700-0-00-00000-00-0000,1 Year Subscription 8/31/2020 to 8/31/2021
Bellarmine University,8/25/2020,NB082520E,$400.00,1 Year,4700-0-00-00000-00-0000,1 Year Subscription 5/4/2020 to 4/30/2021
Mercer University,8/25/2020,NB082520F,"$2,500.00",1 Year,4700-0-00-00000-00-0000,1 Year Subscription 3/20/2020 to 3/31/2021
The University of Texas at Tyler,8/25/2020,NB082520G,"$1,250.00",6 Months,4700-0-00-00000-00-0000,6 Months Subscription 9/4/2020 to 1/31/2021
Bard College,8/25/2020,NB082520H,$437.00,3 Months,4700-0-00-00000-00-0000,3 Months Subscription 9/15/2020 to 12/15/2020
The University of New Orleans,8/25/2020,NB082520I,"$3,000.00",1 Year,4700-0-00-00000-00-0000,1 Year Subscription 8/24/2020 to 8/31/2021
Berry College      ,8/25/2020,NB082520J,"$1,650.00",1 Year,4700-0-00-00000-00-0000,1 Year Subscription 8/21/2020 to 8/31/2021
University of North Alabama,8/25/2020,NB082520K,"$1,750.00",6 Months,4700-0-00-00000-00-0000,6 Months Subscription 7/10/2020 to 1/10/2021
Meredith College,8/25/2020,NB082520L,$800.00,3 Months,4700-0-00-00000-00-0000,3 Months Subscription 8/25/2020 to 11/25/2020
Florida State University ,8/25/2020,NB082520M,"$1,700.00",1 Year,4700-0-00-00000-00-0000,1 Year Subscription 8/13/2020 to 7/31/2021
Louisiana State University Baton Rouge,8/25/2020,NB082520N,"$4,000.00",1 Year,4700-0-00-00000-00-0000,1 Year Subscription 5/4/2020 to 4/30/2021
Humboldt State University,8/25/2020,NB082520O,$500.00,1 Year,4700-0-00-00000-00-0000,1 Year Subscription 8/12/2020 to 7/31/2021
Bradley University,8/25/2020,NB082520P,$565.00,3 Months,4700-0-00-00000-00-0000,3 Months Subscription 8/25/2020 to 12/7/2020
"Mississippi State University, College of Education ",8/25/2020,NB082520Q,"$2,500.00",1 Year,4700-0-00-00000-00-0000,1 Year Subscription 8/10/2020 to 7/31/2021
Kutztown University of Pennsylvania,8/25/2020,NB082520R,"$6,500.00",1 Year,4700-0-00-00000-00-0000,1 Year Subscription 7/21/2020 to 7/31/2021
Kutztown University of Pennsylvania,8/25/2020,NB082520S,"$2,500.00",1 Year,4700-0-00-00000-00-0000,1 Year Subscription 7/21/2020 to 7/31/2021
Ouachita Baptist University,8/25/2020,NB082520T,"$2,070.00",1 Year,4700-0-00-00000-00-0000,1 Year Subscription 8/25/2020 to 8/31/2021
Ferris State University,8/28/2020,NB082820,"$6,600.00",3 Years,4700-0-00-00000-00-0000,3 Years Subscription 9/1/2020 to 8/31/2023
St. Bonaventure University-School of Education ,8/28/2020,NB082820A,"$5,100.00",1 Year,4700-0-00-00000-00-0000,1 Year Subscription 8/31/2020 to 8/31/2021
Florida Southwestern State College,8/28/2020,NB082820B,"$4,000.00",1 Year,4700-0-00-00000-00-0000,1 Year Subscription 8/31/2020 to 8/31/2021
Hanover College,8/28/2020,NB082820C,$550.00,3 Months,4700-0-00-00000-00-0000,3 Months Subscription 9/1/2020 to 11/30/2020
Western Illinois University ,9/1/2020,NB090120,"$1,000.00",1 Year,4700-0-00-00000-00-0000,1 Year Subscription 9/1/2020 to 8/31/2021
CA State University Chico ,9/1/2020,NB090120A,$500.00,1 Year,4700-0-00-00000-00-0000,1 Year Subscription 7/24/2020 to 7/31/2021
Hobart and William Smith Colleges,9/1/2020,NB090120B,$525.00,3 Months,4700-0-00-00000-00-0000,3 Months Subscription 8/24/2020 to 12/4/2020
University of the Arts,9/1/2020,NB090120C,$555.00,3 Months,4700-0-00-00000-00-0000,3 Months Subscription 9/8/2020 to 12/8/2020
Murray State University,9/1/2020,NB090120D,"$5,750.00",1 Year,4700-0-00-00000-00-0000,1 Year Subscription 8/21/2020 to 8/31/2021
Lewis University,9/1/2020,NB090120E,"$3,000.00",1 Year,4700-0-00-00000-00-0000,1 Year Subscription 8/21/2020 to 8/31/2021
Eastern Michigan University,9/1/2020,NB090120F,"$1,710.00",1 Year,4700-0-00-00000-00-0000,1 Year Subscription 8/31/2020 to 8/31/2021
CSU San Bernardino,9/1/2020,NB090120G,"$5,000.00",1 Year,4700-0-00-00000-00-0000,1 Year Subscription 8/31/2020 to 8/31/2021
Thomas College,9/1/2020,NB090120H,$625.00,3 Months,4700-0-00-00000-00-0000,3 Months Subscription 10/1/2020 to 12/31/2020
Westfield State University,9/1/2020,NB090120I,"$5,500.00",1 Year,4700-0-00-00000-00-0000,1 Year Subscription 8/31/2020 to 8/31/2021
Morgan State University,9/1/2020,NB090120J,"$2,250.00",1 Year,4700-0-00-00000-00-0000,1 Year Subscription 9/1/2020 to 8/31/2021
Ramapo College,9/1/2020,NB090120K,$400.00,3 Months,4700-0-00-00000-00-0000,3 Months Subscription 8/28/2020 to 11/28/2020
Rhodes College,9/1/2020,NB090120L,"$2,100.00",1 Year,4700-0-00-00000-00-0000,1 Year Subscription 8/27/2020 to 8/31/2021
"The Citadel, Zucker Family School of Education",9/1/2020,NB090120M,$625.00,3 Months,4700-0-00-00000-00-0000,3 Months Subscription 9/1/2020 to 12/31/2020
Colorado State University Pueblo,9/1/2020,NB090120N,"$4,500.00",1 Year,4700-0-00-00000-00-0000,1 Year Subscription 8/17/2020 to 8/31/2021
Southeast Missouri State University,9/1/2020,NB090120O,"$1,825.00",3 Months,4700-0-00-00000-00-0000,3 Months Subscription 9/11/2020 to 12/11/2020
Lebanon Valley College,9/1/2020,NB090120P,"$3,700.00",1 Year,4700-0-00-00000-00-0000,1 Year Subscription 8/24/2020 to 8/31/2020
Charleston Southern University,9/1/2020,NB090120Q,"$10,800.00",1 Year,4700-0-00-00000-00-0000,1 Year Subscription 8/20/2020 to 8/31/2021
John Carroll University,9/1/2020,NB090120R,"$1,000.00",1 Year,4700-0-00-00000-00-0000,1 Year Subscription 8/31/2020 to 8/31/2021
John Carroll University,9/1/2020,NB090120S,$500.00,1 Year,4700-0-00-00000-00-0000,1 Year Subscription 8/31/2020 to 8/31/2021
Saint Joseph’s University,9/8/2020,NB090820,"$1,500.00",3 Years,4700-0-00-00000-00-0000,3 Years Subscription 8/7/2020 to 7/31/2023
North Carolina State University (NCSU),9/8/2020,NB090820A,"$4,500.00",1 Year,4700-0-00-00000-00-0000,1 Year Subscription 8/1/2020 to 7/31/2021
California State University Northridge ,9/8/2020,NB090820B,"$1,976.30",1 Year,4700-0-00-00000-00-0000,1 Year Subscription 8/21/2020 to 8/31/2021
Texas State University TXST ,9/8/2020,NB090820C,"$6,000.00",1 Year,4700-0-00-00000-00-0000,1 Year Subscription 9/8/2020 to 8/31/2021
College for Creative Studies ,9/8/2020,NB090820D,"$1,976.30",1 Year,4700-0-00-00000-00-0000,1 Year Subscription 9/1/2020 to 8/31/2021
Barton College,9/8/2020,NB090820E,"$2,300.00",1 Year,4700-0-00-00000-00-0000,1 Year Subscription 9/1/2020 to 8/31/2021
University of Minnesota Duluth,9/8/2020,NB090820F,"$5,090.00",1 Year,4700-0-00-00000-00-0000,1 Year Subscription 8/31/2020 to 8/31/2021
Brandeis University,9/8/2020,NB090820G,"$2,000.00",1 Year,4700-0-00-00000-00-0000,1 Year Subscription 9/4/2020 to 8/31/2021
Anderson University,9/8/2020,NB090820H,$800.00,3 Months,4700-0-00-00000-00-0000,3 Months Subscription 9/1/2020 to 11/30/2020
University of Illinois at Urbana-Champaign,9/8/2020,NB090820I,"$2,480.00",1 Year,4700-0-00-00000-00-0000,1 Year Subscription 9/4/2020 to 8/31/2021
Oregon State University ,9/8/2020,NB090820J,"$3,000.00",1 Year,4700-0-00-00000-00-0000,1 Year Subscription 8/31/2020 to 8/31/2021
Wingate University,9/8/2020,NB090820K,$625.00,3 Months,4700-0-00-00000-00-0000,3 Months Subscription 8/31/2020 to 11/30/2020
Concordia University Chicago,9/8/2020,NB090820M,"$1,000.00",6 Months,4700-0-00-00000-00-0000,6 Months Subscription 9/1/2020 to 2/28/2021
Siena College,9/8/2020,NB090820N,"$1,250.00",6 Months,4700-0-00-00000-00-0000,6 Months Subscription 9/1/2020 to 2/28/2021
Gettysburg College,9/8/2020,NB090820O,"$2,000.00",1 Year,4700-0-00-00000-00-0000,1 Year Subscription 8/31/2020 to 8/31/2021
University of Wisconsin-Eau Claire,9/8/2020,NB090820P,"$4,650.00",1 Year,4700-0-00-00000-00-0000,1 Year Subscription 8/24/2020 to 8/31/2021
University of California Berkeley,9/8/2020,NB090820Q,$875.00,6 Months,4700-0-00-00000-00-0000,6 Months Subscription 9/4/2020 to 2/28/2021
National Louis University,9/8/2020,NB090820R,"$15,800.00",1 Year,4700-0-00-00000-00-0000,1 Year Subscription 8/24/2020 to 8/31/2021
Winthrop University,9/8/2020,NB090820S,$937.50,3 Months,4700-0-00-00000-00-0000,3 Months Subscription 9/1/2020 to 11/30/2020
East Tennessee State University ,9/8/2020,NB090820T,"$1,710.00",1 Year,4700-0-00-00000-00-0000,1 Year Subscription 6/30/2020 to 6/30/2021
Austin Peay State University ,9/8/2020,NB090820U,"$1,500.00",1 Year,4700-0-00-00000-00-0000,1 Year Subscription 12/31/2019 to 12/31/2020
William Baptist University ,9/8/2020,NB090820V,$587.00,3 Months,4700-0-00-00000-00-0000,3 Months Subscription 9/1/2020 to 11/30/2020
North Carolina Central University ,9/8/2020,NB090820W,$375.00,3 Months,4700-0-00-00000-00-0000,3 Months Subscription 9/1/2020 to 12/1/2020
Roosevelt University ,9/8/2020,NB090820X,"$1,500.00",1 Year,4700-0-00-00000-00-0000,1 Year Subscription 7/1/2019 to 6/30/2020
"CA State University, Stanislaus ",9/8/2020,NB090820Y,"$3,250.00",1 Year,4700-0-00-00000-00-0000,1 Year Subscription 7/15/2020 to 7/31/2021
Clarion University of Pennsylvania ,9/8/2020,NB090820Z,"$4,500.00",1 Year,4700-0-00-00000-00-0000,1 Year Subscription 9/2/2020 to 8/31/2021
Brock University,9/8/2020,NB090820AA,$290.00,3 Months,4700-0-00-00000-00-0000,3 Months Subscription 9/1/2020 to 12/8/2020
Salve Regina University ,9/8/2020,NB090820AB,$208.30,1 Year,4700-0-00-00000-00-0000,1 Year Subscription 8/1/2020 to 7/31/2021
Medaille College,9/8/2020,NB091120,"$3,000.00",1 Year,4700-0-00-00000-00-0000,1 Year Subscription 9/8/2020 to 8/31/2021
Springfield College,9/11/2020,NB091120A,$625.00,3 Months,4700-0-00-00000-00-0000,3 Months Subscription 9/14/2020 to 12/14/2020
Wheaton College,9/11/2020,NB091120B,$512.50,3 Months,4700-0-00-00000-00-0000,3 Months Subscription 9/14/2020 to 12/14/2020
Humboldt State University – Art Department,9/11/2020,NB091120C,$500.00,3 Months,4700-0-00-00000-00-0000,3 Months Subscription 9/8/2020 to 12/8/2020
University of the Pacific,9/11/2020,NB091120D,"$2,750.00",1 Year,4700-0-00-00000-00-0000,1 Year Subscription 9/30/2020 to 9/30/2021
Thiel College,9/11/2020,NB091120E,$500.00,3 Months,4700-0-00-00000-00-0000,3 Months Subscription 9/10/2020 to 12/10/2020
Minnesota State University Moorhead,9/11/2020,NB091120F,"$3,000.00",1 Year,4700-0-00-00000-00-0000,1 Year Subscription 8/31/2020 to 8/31/2021
Saint Catherine University,9/11/2020,NB091120G,$391.00,3 Months,4700-0-00-00000-00-0000,3 Months Subscription 9/9/2020 to 12/9/2020
"University of California, Davis",9/11/2020,NB091120H,$875.00,3 Months,4700-0-00-00000-00-0000,3 Months Subscription 10/1/2020 to 12/31/2020
"University of Wyoming, College of Education",9/11/2020,NB091120I,"$4,350.00",3 Years,4700-0-00-00000-00-0000,3 Years Subscription 9/1/2020 to 10/31/2023
Calvert County Public Schools,9/11/2020,NB091120J,"$1,840.00",1 Year,4700-0-00-00000-00-0000,1 Year Subscription 8/28/2020 to 8/31/2021
University of Central Oklahoma,9/11/2020,NB091120K,$700.00,3 Months,4700-0-00-00000-00-0000,3 Months Subscription 9/10/2020 to 12/10/2020
"Teachers College, Columbia University",9/11/2020,NB091120L,"$5,000.00",1 Year,4700-0-00-00000-00-0000,1 Year Subscription 9/11/2020 to 9/30/2021
University of Rhode Island (School of Education),9/12/2020,NB091220,$750.00,3 Months,4700-0-00-00000-00-0000,3 Months Subscription 9/14/2020 to 12/14/2020
University of Rhode Island (School of Education),9/12/2020,NB091220A,"$3,500.00",1 Year,4700-0-00-00000-00-0000,1 Year Subscription 9/14/2020 to 9/30/2021
University of Louisiana at Lafayette,9/12/2020,NB091220B,$875.00,3 Months,4700-0-00-00000-00-0000,3 Months Subscription 9/8/2020 to 11/8/2020
Pathway to Practice NC,9/12/2020,NB091220C,"$2,000.00",1 Year,4700-0-00-00000-00-0000,1 Year Subscription 11/1/2020 to 10/31/2021
Ithaca College,9/13/2020,NB091320,$875.00,3 Months,4700-0-00-00000-00-0000,3 Months Subscription 9/15/2020 to 11/30/2020
UNC Wilmington,9/13/2020,NB091320A,"$7,500.00",1 Year,4700-0-00-00000-00-0000,1 Year Subscription 8/31/2020 to 8/31/2021
University of North Alabama,9/13/2020,NB091320B,$250.00,6 Months,4700-0-00-00000-00-0000,6 Months Subscription 07/10/2020 to 01/10/2021
"CA State University, Stanislaus",9/13/2020,NB091320C,$700.00,1 Year,4700-0-00-00000-00-0000,1 Year Subscription 7/15/2020 to 7/31/2021
Mississippi State University Meridian ,9/13/2020,NB091320D,"$1,000.00",6 Months,4700-0-00-00000-00-0000,6 Months Subscription 07/21/2020 to 01/31/2021
University of Texas at Tyler,9/13/2020,NB091320E,$355.00,6 Months,4700-0-00-00000-00-0000,6 Months Subscription 09/4/2020 to 01/31/2021
Northern Virginia Community College,9/13/2020,NB091320F,"$1,750.00",6 Months,4700-0-00-00000-00-0000,6 Months Subscription 10/1/2020 to 03/31/2021
Alverno College ,9/13/2020,NB091320G,"$2,750.00",1 Year,4700-0-00-00000-00-0000,1 Year Subscription 9/10/2020 to 7/30/2021
"University of Kentucky, IHE ",9/13/2020,NB091320H,$500.00,1 Year,4700-0-00-00000-00-0000,1 Year Subscription 8/1/2020 to 7/31/2021
University of Maryland College of Education,9/15/2020,NB091520,"$3,500.00",1 Year,4700-0-00-00000-00-0000,1 Year Subscription 9/14/2020 to 9/30/2021
University of Wisconsin-River Falls ,9/17/2020,NB091720,$462.00,3 Months,4700-0-00-00000-00-0000,3 Months Subscription 9/15/2020 to 12/15/2020
Bowling Green State University        ,9/17/2020,NB091720A,"$1,270.00",3 Months,4700-0-00-00000-00-0000,3 Months Subscription 10/1/2020 to 12/30/2020
Crowder College        ,9/17/2020,NB091720B,"$2,500.00",1 Year,4700-0-00-00000-00-0000,1 Year Subscription 9/19/2020 to 9/30/2021
Aquinas College        ,9/17/2020,NB091720C,$875.00,6 Months,4700-0-00-00000-00-0000,6 Months Subscription 10/1/2020 to 03/31/2021
University of Maryland,9/17/2020,NB071720D,$130.00,1 Year,4700-0-00-00000-00-0000,1 Year Subscription 8/8/2020 to 7/31/2021
Metro RESA ,9/18/2020,NB091820,"$4,500.00",1 Year,4700-0-00-00000-00-0000,1 Year Subscription 9/18/2020 to 9/30/2021
Metro RESA ,9/18/2020,NB091820A,"$3,000.00",1 Year,4700-0-00-00000-00-0000,1 Year Subscription 9/18/2020 to 9/30/2021
Saint Joseph’s College of Maine ,9/18/2020,NB091820B,"$2,250.00",1 Year,4700-0-00-00000-00-0000,1 Year Subscription 9/21/2020 to 9/30/2021
"CA State University, Stanislaus ",9/21/2020,NB092120,$360.00,1 Year,4700-0-00-00000-00-0000,1 Year Subscription 7/15/2020 to 7/31/2021
Yakima Valley College ,9/21/2020,NB092120A,"$1,030.00",6 Months,4700-0-00-00000-00-0000,6 Months Subscription 9/18/2020 to 03/18/2021
University of San Francisco ,9/21/2020,NB092120B,$100.00,1 Year,4700-0-00-00000-00-0000,1 Year Subscription 4/15/2020 to 4/30/2021
Houghton College,9/21/2020,NB092120C,"$2,500.00",1 Year,4700-0-00-00000-00-0000,1 Year Subscription 10/1/2020 to 9/30/2021
University of Georgia        ,9/21/2020,NB092120D,"$4,500.00",1 Year,4700-0-00-00000-00-0000,1 Year Subscription 9/18/2020 to 9/30/2021
University of Montevallo ,9/22/2020,NB092220,$750.00,6 Months,4700-0-00-00000-00-0000,6 Months Subscription 9/1/2020 to 03/31/2021
The Citadel Zucker Family School of Education ,9/22/2020,NB092220A,$125.00,3 Months,4700-0-00-00000-00-0000,3 Months Subscription 9/1/2020 to 12/31/2020
Ball State University,9/24/2020,NB092420,"$3,250.00",3 Months,4700-0-00-00000-00-0000,3 Months Subscription 9/24/2020 to 12/24/2020
Morehead State University,9/24/2020,NB092420A,"$1,000.00",1 Year,4700-0-00-00000-00-0000,1 Year Subscription 7/7/2020 to 6/30/2021
CA State University Dominguez Hills ,9/24/2020,NB092420B,"$2,125.00",3 Months,4700-0-00-00000-00-0000,3 Months Subscription 9/21/2020 to 12/21/2020
Washington State University ,9/24/2020,NB092420C,"$2,500.00",1 Year,4700-0-00-00000-00-0000,1 Year Subscription 9/22/2020 to 9/30/2021
University of North Florida ,9/24/2020,NB092420D,"$1,400.00",6 Months,4700-0-00-00000-00-0000,6 Months Subscription 9/9/2020 to 03/9/2021
Rochester Institute of Technology ,9/25/2020,NB092520,$800.00,6 Months,4700-0-00-00000-00-0000,6 Months Subscription 9/24/2020 to 03/24/2021
Lehigh Carbon Community College,9/29/2020,NB092920,"$2,250.00",1 Year,4700-0-00-00000-00-0000,1 Year Subscription 9/28/2020 to 9/30/2021
Skidmore College,9/29/2020,,$50.00,1 Year,4700-0-00-00000-00-0000,1 Year Subscription 7/15/2020 to 7/14/2021
University of Maryland Baltimore County,9/30/2020,NB093020,"$2,500.00",1 Year,4700-0-00-00000-00-0000,1 Year Subscription 9/30/2020 to 9/30/2021
Salisbury University      ,10/1/2020,NB100120,"$3,250.00",6 Months,4700-0-00-00000-00-0000,6 Months Subscription 10/1/2020 to 03/31/2021
Minnesota State University Moorhead ,10/1/2020,NB100120A,$100.00,1 Year,4700-0-00-00000-00-0000,1 Year Subscription 8/31/2020 to 8/31/2021
"CA State University, Stanislaus ",10/1/2020,NB100120B,$190.00,1 Year,4700-0-00-00000-00-0000,1 Year Subscription 7/15/2020 to 7/31/2021
University of Maryland College of Education ,10/1/2020,NB100120C,$500.00,1 Year,4700-0-00-00000-00-0000,1 Year Subscription 9/30/2020 to 9/30/2021
Bellarmine University ,10/1/2020,NB100120D,$200.00,1 Year,4700-0-00-00000-00-0000,1 Year Subscription 5/4/2020 to 4/30/2021
Miami University ,10/1/2020,NB100120E,"$1,250.00",3 Months,4700-0-00-00000-00-0000,3 Months Subscription 9/15/2020 to 12/15/2020
University of North Texas ,10/2/2020,NB100220,"$3,000.00",1 Year,4700-0-00-00000-00-0000,1 Year Subscription 10/2/2020 to 9/30/2021
Hudson Valley Community College ,10/2/2020,NB100220A,$400.00,3 Months,4700-0-00-00000-00-0000,3 Months Subscription 10/2/2020 to 12/31/2020
Modesto Junior College,9/1/2020,NB090820L,"$1,500.00",6 Months,4700-0-00-00000-00-0000,6 Months Subscription 8/31/2020 to 02/28/2021
"BloomBoard, Inc.",10/7/2020,NB100720,"$15,520.00",6 Months,4700-0-00-00000-00-0000,6 Months Subscription 8/31/2020 to 02/28/2021
Niagara University ,10/7/2020,NB100820,"$3,500.00",1 Year,4700-0-00-00000-00-0000,1 Year Subscription 10/1/2020 to 9/30/2021
University of Michigan-Dearborn ,10/7/2020,NB100820A,$450.00,3 Months,4700-0-00-00000-00-0000,3 Months Subscription 10/2/2020 to 12/31/2020
Northern Illinois University ,10/7/2020,NB100820B,"$8,880.00",1 Year,4700-0-00-00000-00-0000,1 Year Subscription 9/17/2020 to 9/30/2021
Middlesex County College ,10/7/2020,NB100820C,$200.00,30 Days,4700-0-00-00000-00-0000,30 Days 10/15/2020 to 11/14/2020
City University of New York  ,10/7/2020,NB100820D,$495.00,6 Months,4700-0-00-00000-00-0000,6 Months Subscription 7/1/2020 to 12/30/2020
Ripon College ,10/7/2020,NB100820F,"$1,900.00",1 Year,4700-0-00-00000-00-0000,1 Year Subscription 10/15/2020 to 10/31/2021
San Jose State University      ,10/7/2020,NB100820G,$200.00,1 Year,4700-0-00-00000-00-0000,1 Year Subscription 5/31/2020 to 5/31/2021
Western Washington University,10/7/2020,NB100820H,$700.00,3 Months,4700-0-00-00000-00-0000,3 Months Subscription 9/1/2020 to 12/31/2020
Valdosta State University ,10/7/2020,NB100820I,"$1,625.00",3 Months,4700-0-00-00000-00-0000,3 Months Subscription 10/7/2020 to 12/31/2020
Crowley’s Ridge College ,10/7/2020,NB100820J,$395.00,3 Months,4700-0-00-00000-00-0000,3 Months Subscription 10/7/2020 to 12/31/2020
Alderson Broaddus University ,10/7/2020,NB100820K,$500.00,3 Months,4700-0-00-00000-00-0000,3 Months Subscription 10/2/2020 to 12/31/2020
University of Arkansas,10/9/2020,NB100920,"$3,250.00",6 Months,4700-0-00-00000-00-0000,6 Months Subscription 10/7/2020 to 4/7/2021
Bureau of Indian Affairs,10/9/2020,NB100920A,"$21,000.00",1 Year,4700-0-00-00000-00-0000,1 Year Subscription 10/1/2020 to 9/30/2021
Southern Illinois University Edwardsville ,10/13/2020,NB101320A,"$4,700.00",1 Year,4700-0-00-00000-00-0000,1 Year Subscription 10/9/2020 to 9/30/2021
University of Southern Mississippi ,10/13/2020,NB101320B,"$1,200.00",1 Year,4700-0-00-00000-00-0000,1 Year Subscription 9/30/2020 to 9/30/2021
Winthrop University ,10/13/2020,NB101320C,"$1,000.00",1 Year,4700-0-00-00000-00-0000,1 Year Subscription 9/30/2020 to 9/30/2021
University of Wisconsin Stevens Point ,10/15/2020,NB101520,"$4,500.00",1 Year,4700-0-00-00000-00-0000,1 Year Subscription 9/8/2020 to 8/31/2021
Capital University,10/15/2020,NB101520A,"$1,640.00",1 Year,4700-0-00-00000-00-0000,1 Year Subscription 10/14/2020 to 10/31/2021
University of Rochester-Warner School ,10/16/2020,NB101620,"$4,800.00",3 Years,4700-0-00-00000-00-0000,3 Years Subscription 10/20/2020 to 10/31/2023
University of Louisville ,10/16/2020,NB101620A,"$4,500.00",1 Year,4700-0-00-00000-00-0000,1 Year Subscription 10/6/2020 to 10/5/2021
Indiana Universities Libraries ,10/16/2020,NB101620B,"$6,500.00",1 Year,4700-0-00-00000-00-0000,1 Year Subscription 8/31/2020 to 8/31/2021
University of North Florida ,10/16/2020,NB101620C,$75.00,6 Months,4700-0-00-00000-00-0000,6 Months Subscription 9/9/2020 to 3/9/2021
Prince George’s Community College ,10/19/2020,NB101920,$500.00,6 Months,4700-0-00-00000-00-0000,6 Months Subscription 10/23/2020 to 4/23/2021
University of Wisconsin-River Falls ,10/19/2020,NB101920A,"$2,500.00",1 Year,4700-0-00-00000-00-0000,1 Year Subscription 9/8/2020 to 10/31/2021
Niagara University ,10/19/2020,NB101920B,$410.00,1 Year,4700-0-00-00000-00-0000,1 Year Subscription 10/1/2020 to 9/30/2021
Pierce College ,10/20/2020,NB102020,$750.00,1 Year,4700-0-00-00000-00-0000,1 Year Subscription 9/30/2020 to 9/30/2021
The State University of New York (SUNY) ,10/20/2020,NB102020A,"$16,052.00",3 Months,4700-0-00-00000-00-0000,3 Months Subscription 8/20/2020 to 12/12/2020
Brown University ,10/22/2020,NB102020,$425.00,3 Months,4700-0-00-00000-00-0000,3 Months Subscription 11/1/2020 to 1/31/2021
Mississippi State University Meridian ,10/22/2020,NB102020A,$100.00,6 Months,4700-0-00-00000-00-0000,6 Months Subscription 7/21/2020 to 1/31/2021
Purdue University Fort Wayne ,10/22/2020,NB102020B,"$5,000.00",1 Year,4700-0-00-00000-00-0000,1 Year Subscription 9/28/2020 to 9/30/2021
Winston-Salem State University ,10/23/2020,NB102220C,$562.00,3 Months,4700-0-00-00000-00-0000,3 Months Subscription 10/22/2020 to 1/22/2021
University of North Florida ,10/23/2020,NB102320,$100.00,6 Months,4700-0-00-00000-00-0000,6 Months Subscription 9/9/2020 to 3/9/2021
Niagara University ,10/28/2020,NB102320,$300.00,1 Year,4700-0-00-00000-00-0000,1 Year Subscription 10/1/2020 to 9/30/2021
University of St. Thomas ,10/30/2020,NB103020,"$3,366.00",1 Year,4700-0-00-00000-00-0000,1 Year Subscription 11/7/2020 to 10/31/2021
Rio Salado College,11/2/2020,NB110220,"$26,250.00",3 Years,4700-0-00-00000-00-0000,3 yr Subscription 10/31/2020 to 10/31/2023
LaGrange College ,11/2/2020,NB110220A,$500.00,3 Months,4700-0-00-00000-00-0000,3 Mo Subscription 9/1/2020 to 12/1/2020
University of Texas at San Antonio    ,11/2/2020,NB110220B,"$2,500.00",1 Year,4700-0-00-00000-00-0000,1 yr Subscription 11/2/2020 to 10/31/2021
Santa Rosa County District Schools ,11/2/2020,NB110220C,"$3,500.00",1 Year,4700-0-00-00000-00-0000,1 yr Subscription 11/2/2020 to 10/31/2021
Prince George’s Community College ,11/3/2020,NB101920,$40.00,6 Months,4700-0-00-00000-00-0000,6 Mon Subscription 10/23/2020 to 4/23/2021
Lewis University,11/3/2020,NB110320,$500.00,1 Year,4700-0-00-00000-00-0000,1 yr Subscription 8/21/2020 to 8/31/2021
Saint Xavier University ,11/3/2020,NB110320A,$200.00,1 Year,4700-0-00-00000-00-0000,1 yr Subscription 8/1/2020 to 7/31/2021
Arkansas Northeastern College ,11/4/2020,NB110420,"$1,700.00",1 Year,4700-0-00-00000-00-0000,1 yr Subscription 10/19/2020 to 10/31/2021
"University of California, Riverside ",11/4/2020,NB110420A,"$2,250.00",1 Year,4700-0-00-00000-00-0000,1 yr Subscription 12/31/2020 to 12/31/2021
NHTI-Concord’s Community College ,11/4/2020,NB110420B,"$2,000.00",1 Year,4700-0-00-00000-00-0000,1 yr Subscription 11/3/2020 to 10/31/2021
